virksomhedsRegistreringsId;targetProbability;targetPredicted
3538;0.589714953627716;1
12138;0.5207868608904416;0
9794;0.515889397047008;0
12966;0.7357412856532157;1
8724;0.8482166973546272;1
9810;0.5153715264160488;0
112;0.524254521223837;0
9132;0.5149863382753143;0
60;0.5216213030737449;0
11834;0.5158832394078812;0
16681;0.5159223868551743;0
10697;0.5759575265217691;1
14420;0.5082384850700525;0
8569;0.5210417537940188;0
4993;0.5794128849174545;1
111;0.5131281528342648;0
16023;0.5158250565339129;0
4941;0.5265048319612132;0
15919;0.579415725271116;1
11462;0.5159926826055585;0
232;0.5158937556139946;0
10546;0.5934617960486471;1
14801;0.523002268891718;0
4182;0.5207073884706507;0
4248;0.5163561859788209;0
1526;0.5154938834808573;0
8516;0.962653040168792;0
14848;0.5226515448960011;0
6171;0.5823368727346475;0
15114;0.5158863757087466;0
9363;0.5159040511986197;0
8594;0.5159146941992441;0
3025;0.5159185991895963;0
13162;0.5935227332908461;1
10665;0.5208348724428892;0
4196;0.5225149351122568;0
13740;0.5651745258725964;1
12893;0.5207073919682643;0
1780;0.5207573139933451;0
7989;0.5822550218933078;0
2027;0.5165889758173792;0
3449;0.893136734099121;0
484;0.5159141867180919;0
11524;0.5235777614532942;1
3030;0.5914634458803435;1
7937;0.5168645714628723;0
5855;0.5156071505613689;0
1275;0.5159201566531681;0
11022;0.7637895673921137;0
2992;0.515955871203921;0
8992;0.5207073715935131;0
12140;0.5225186336798237;0
4642;0.5166844092488505;0
11479;0.5228846077580469;0
1489;0.5225075476665195;0
15738;0.523509068538617;1
898;0.5823192171763385;0
5204;0.5158834027037342;0
13047;0.5160996910533229;0
2787;0.5086575516678696;1
13602;0.5894073564670197;1
488;0.5867250577070904;1
11060;0.5242127879832463;0
7347;0.5224927775085624;0
11164;0.5903300545222099;0
11734;0.512921700948567;1
13553;0.5227290795379568;0
4249;0.5793629515243327;1
8477;0.5829722368489403;1
9430;0.5165593128503716;0
10841;0.6021733879327924;0
15382;0.840093110569837;0
7174;0.5823802239319279;0
1198;0.9996625161067912;0
13679;0.5158868966108532;0
2555;0.8328069800029372;0
6290;0.5225703109146869;0
2721;0.5410774786361665;0
10699;0.5224927657978614;0
13990;0.5165666327004608;0
11632;0.5225038512512881;0
15951;0.5207073951829573;0
14030;0.5159244791099935;0
12117;0.8122615620123759;0
7971;0.5159380818106092;0
15693;0.5079461048111843;0
13999;0.5159520358025294;0
6089;0.5227844545229516;0
14361;0.520707383105008;0
7639;0.5091081506725458;1
7709;0.7089773888083445;1
16442;0.5509284977743443;1
5067;0.5167466579488684;0
4332;0.583180139423839;1
16981;0.5160655836275854;0
10081;0.5207073699861666;0
10958;0.5226035470970223;0
14896;0.5160781544575698;0
8371;0.5207073992209477;0
5468;0.5165636003938214;0
2811;0.6688581197653554;0
12882;0.5158775877404074;0
2395;0.5891981832686246;1
14824;0.5280928850803209;0
10165;0.5134540029396979;0
6194;0.5224152544632206;0
862;0.5822452980695291;0
2642;0.537102320533718;0
10904;0.5158937774846226;0
17005;0.5096575641240243;1
8270;0.5934799501066678;1
5489;0.5158952458033614;0
2630;0.5792199093094791;1
7951;0.5755421431129147;1
10119;0.5236513172389214;0
16866;0.522481711089238;0
8507;0.5161936815055158;0
10675;0.795942100197299;0
9115;0.5159606934173422;0
5028;0.6314093482676312;1
11692;0.5207073961594393;0
106;0.5348105968660495;0
5860;0.5224969307936316;0
9843;0.5281229879462012;0
10606;0.5220733946122198;0
896;0.5207075055837456;0
13916;0.5225407963824135;0
12822;0.5827648752131817;0
13239;0.5226626159650316;0
5741;0.5827225904202649;0
3862;0.5225149629492586;0
5788;0.7020733648815414;1
3858;0.520707386059631;0
11502;0.5791217335158416;1
8786;0.8120401893065388;0
6380;0.5787319211396343;1
3762;0.5158950071688585;0
13811;0.5822408587521819;0
14232;0.5257946953930828;0
13225;0.526520571487133;0
12375;0.5155015228069875;0
4527;0.515382750028186;0
8361;0.5897233609842062;1
3887;0.5159510600724121;0
871;0.5224964650617818;0
12285;0.5828963468753334;0
14934;0.5822607697586908;0
6295;0.5159192182228385;0
9056;0.6381282052705225;0
5427;0.5225038614150381;0
4992;0.5207073879415804;0
16660;0.5914635467546071;1
1761;0.5822390489992417;0
8825;0.5158997700620171;0
17113;0.5831895951636467;1
10378;0.5553693776376208;0
1562;0.5160100680545769;0
6384;0.5060727133361076;0
2371;0.5207979335015951;0
11721;0.8533578074948889;0
13431;0.5159124260432055;0
9881;0.51644772851112;0
9565;0.7821884464337785;1
5153;0.5207073568924958;0
7469;0.5159126970563873;0
14754;0.5822422358293092;0
10840;0.5160795832992189;0
14960;0.5794153378375764;1
16657;0.5161934613187362;0
6525;0.5794101713181695;1
7069;0.5207683947642527;0
1359;0.5123814596298761;0
7039;0.5135757974393256;0
8199;0.5159088686921013;0
3254;0.7859354682548255;1
11344;0.7157738120889241;1
14402;0.5007206105526261;1
13847;0.5897118834145298;1
7430;0.5823020820316271;0
699;0.5158667504325429;0
119;0.5257800268247813;0
9973;0.5830928622722817;0
1412;0.5225001639512287;0
16662;0.5207073954213484;0
11262;0.5158039639330918;0
13151;0.5897377155971162;1
2142;0.6094670983773861;1
9736;0.5159468845289337;0
1895;0.5159501973894935;0
6200;0.5793574246703364;1
6394;0.516555354359198;0
8928;0.7794844272805145;0
10444;0.5163269081850705;0
14432;0.522578594518868;0
9389;0.5215537428159568;0
7369;0.6175650901255444;0
16026;0.6430931293784964;1
10316;0.5226441683958372;0
14655;0.5823202050492344;0
7130;0.5897383470294254;1
7660;0.5160791925242413;0
1896;0.583478158413043;1
9258;0.516864172596328;1
4825;0.599218515825467;1
8993;0.5159220871758714;0
9621;0.5144875204262793;0
2048;0.5007930578652775;1
4240;0.5129234818375332;1
13777;0.9465581417572162;0
10389;0.5794132938590945;1
15019;0.5158998338262926;0
5859;0.5360878912419683;1
10907;0.5225075590747358;0
13273;0.6072414371502047;1
6135;0.517047345856589;0
6585;0.597766129094707;1
7056;0.5893206514522948;1
4397;0.5233420927893444;0
1103;0.5158898422016736;0
13536;0.5803742508776952;0
4728;0.5163464936402035;0
2535;0.5224823803610616;0
517;0.5160676962125013;0
12652;0.522556006005489;0
7958;0.5896416174052905;1
1280;0.5832251317957349;1
16749;0.5159202016878457;0
4171;0.9984582067247856;0
8614;0.7330293566719726;1
14988;0.5158984719319168;0
10888;0.5162227844537597;0
3302;0.5510309866491367;1
11496;0.58969722306125;1
17055;0.5158859206543925;0
12354;0.5223893948811544;0
8174;0.5224932259103563;0
5595;0.5935009649000977;1
15045;0.5209235175023491;0
12491;0.520720382557494;0
11520;0.5082046571062848;0
7990;0.515920056994991;0
10226;0.5822752438029831;0
15295;0.5207536211611774;0
5887;0.5155839242769955;0
2510;0.5158983492427052;0
1660;0.5162436975711526;0
15154;0.5198010267168534;0
9350;0.5159226921296463;0
9381;0.5158749093355862;0
14702;0.5159152662621642;0
7236;0.6225134854837406;0
15882;0.5207073948742529;0
13218;0.5793466513996917;1
16245;0.5114066760938958;0
12765;0.5225186307395089;0
3613;0.5134066850938204;0
3339;0.5154329109755121;0
5485;0.5224928051376622;0
4661;0.5129832001242759;1
14214;0.5901060020254634;1
7595;0.5160660412665166;0
10298;0.5160023437555075;0
8037;0.5224964695067773;0
8141;0.581642684770361;1
938;0.5826716288391081;0
4912;0.5083859107854863;0
15179;0.5075627550103248;0
2972;0.9905926726184966;0
2021;0.5081488383386732;0
15225;0.515910467331731;0
11112;0.5377274068030109;0
13014;0.522507548770709;0
15771;0.5160536841116479;0
1861;0.5159575661892607;0
2795;0.5076294901250733;0
10929;0.5895931630935208;1
780;0.5793912206365668;1
933;0.5159049991641937;0
8678;0.589711268017255;1
2404;0.5162821621699927;0
946;0.5816089096347308;1
12108;0.5824844844555108;0
16987;0.5200684233999708;0
15047;0.522492806066982;0
13526;0.520707392791562;0
8722;0.5224964724797643;0
9195;0.5711841891891657;1
15822;0.5168804994642887;0
13509;0.5159007162346603;0
13837;0.5793593502960358;1
141;0.5159453859394205;0
12980;0.5159264302967448;0
8579;0.5270391237561445;0
13467;0.5860210641827239;0
12203;0.5158885017280028;0
3285;0.524894488726183;0
7045;0.5159124480296176;0
2763;0.5158957174021908;0
5356;0.515939227318828;0
5059;0.5686253845596692;0
5868;0.6383946728900693;0
86;0.52649824218334;0
1510;0.5158986792012401;0
15688;0.5034985238214534;1
6981;0.5896349344468838;1
16761;0.5891164472991087;1
11947;0.5226589245814428;0
15831;0.5159058181070335;0
15351;0.5793806197167478;1
9745;0.5210195332463077;0
14678;0.5230855390348341;0
176;0.6208918834132798;0
10235;0.5147424548111805;0
9448;0.8944994206781539;0
8404;0.5147268017007949;0
6258;0.5476775250723993;0
10539;0.5204650717641597;0
6685;0.5224932233680577;0
10342;0.5822527072267123;0
1897;0.5832084750623618;1
1266;0.5391691380968242;0
10309;0.6471683627407557;1
16454;0.5225666285153601;0
920;0.5202734734260775;0
6753;0.5159708295822552;0
11595;0.583192478917774;1
13513;0.5792230639014895;1
2128;0.5162390797954277;0
12975;0.5935188359848483;1
12446;0.5158976066452954;0
4967;0.5158932733353565;0
17096;0.515891841306956;0
16517;0.5159137848721461;0
8817;0.5931829315027817;0
12433;0.5164928599857799;0
13722;0.5931310752015928;1
5738;0.5822760150238768;0
12530;0.5224969264785573;0
1965;0.5224817116639946;0
2134;0.5159848657921078;0
1450;0.515893749147719;0
15458;0.520707369152373;0
7354;0.5134631826680354;0
16;0.5159009723378094;0
15824;0.5208016335644601;0
9826;0.5897334671585822;1
16036;0.5824172083739694;0
13642;0.526496510175936;0
10529;0.5159324669118694;0
9146;0.5243733262183765;0
7622;0.5164617073484301;0
166;0.6159960332139378;1
14893;0.5137240065988078;0
2328;0.5225592349129686;0
9322;0.5158869527040768;0
3514;0.5158888954481282;0
6883;0.5795410014922419;0
10258;0.5267404102948197;0
14445;0.5665280668645166;0
9453;0.5166125188308679;0
7335;0.5096270801539955;1
9671;0.6333989372228747;0
14490;0.6938631152420265;0
4857;0.5225075417598584;0
16699;0.5161420935392543;0
1545;0.5166385706558482;0
7941;0.5159521001855436;0
8067;0.5790505071691296;1
10400;0.5141524905391295;0
10120;0.5176679912632478;0
6462;0.507562813213492;0
14340;0.5224927692093313;0
7091;0.5159302037418845;0
5258;0.5831925209140959;1
15534;0.5828182926757668;1
5053;0.5822439623929933;0
15152;0.5792580501618344;1
9263;0.526583038528142;0
7524;0.5225440054760954;0
15666;0.5159252291676741;0
15838;0.522574020390347;0
3373;0.5225271701301046;0
2985;0.5162229940522294;0
11554;0.5207073932830584;0
603;0.5167469731257771;0
12079;0.5007813839249283;1
2196;0.5827065719973357;0
13682;0.5161505095393777;0
16810;0.91896203156768;1
7170;0.5229581001570129;0
6485;0.5897498596041683;1
7590;0.5897281125751433;1
9324;0.5075594457392562;0
12636;0.5159082346696015;0
3438;0.5159721037014509;0
4893;0.5897375999616403;1
16372;0.551032143524809;1
213;0.5164327697145512;0
4602;0.5159637287107315;0
2490;0.5159009708351308;0
3010;0.5225112629437869;0
1396;0.5794088461375358;1
11757;0.5227522325951821;0
6012;0.5159229648645729;0
556;0.5158880768094695;0
5571;0.5388559197827509;0
14984;0.5148017580860971;0
8572;0.5794111008360171;1
16693;0.5158181601248717;0
14322;0.5158894577578149;0
7755;0.5207073901093267;0
2537;0.6299182402493577;0
15219;0.5179865538017708;0
10148;0.5159385016560876;0
3271;0.515947425239148;0
7919;0.5161627556644586;0
14779;0.5266073151007908;0
10588;0.5224964728082988;0
10596;0.5897346471453978;1
14631;0.5075172592679589;0
11343;0.5166642090707593;0
10898;0.5160742308064942;0
6045;0.5224964718729159;0
16884;0.5831700486492224;1
13527;0.5934937757280425;1
7441;0.5935791911247882;1
8557;0.5822627925859981;0
2420;0.593500276442121;1
15314;0.5791727634831606;1
9570;0.5158907671629506;0
6764;0.5242512417726927;0
16672;0.5164870540877666;0
10243;0.5076522092856097;0
7394;0.5206871431131492;0
13268;0.5158936268526024;0
5580;0.5205431033919055;0
11453;0.515887034150318;0
12459;0.5163708988591745;0
8851;0.5162076210789961;0
5109;0.5509323455307661;1
7119;0.5225407790816298;0
12496;0.578805828002294;1
2264;0.5164951373257447;0
12842;0.5793989195112755;1
7332;0.5158960743526361;0
12952;0.5158894438864392;0
4819;0.5160307806203875;0
16902;0.5207942468701828;0
7314;0.6027639907019505;0
3245;0.6878216905517069;0
11397;0.5225186199801867;0
15391;0.5224964723132759;0
7798;0.5140698177521152;0
7722;0.5159220293849753;0
14857;0.6430770519378202;1
12577;0.5158856300841459;0
14735;0.5225334100735657;0
6507;0.5158859852830617;0
6052;0.9994996508133549;0
2383;0.5897091144093499;1
1715;0.5805814864791293;1
9751;0.6697833666194022;0
2729;0.5897264614967892;1
15155;0.5230467011714366;0
66;0.8644224818229018;1
10262;0.5207073461359353;0
7739;0.522548158836739;0
4485;0.5158428770795914;0
11469;0.5932766710994963;1
14291;0.5265182163360999;0
10575;0.5159302062853554;0
14706;0.5797836390888367;0
11024;0.5830070109158868;1
3520;0.5158030277565455;0
14251;0.5158946632635891;0
7689;0.5207073482612061;0
1698;0.5935011311204692;1
14658;0.5243798064958304;0
16872;0.5979105727732177;0
6730;0.5159169670007944;0
16629;0.5225043311348727;0
13417;0.6509668697492168;0
9336;0.5224971516659958;0
8750;0.5007658011279573;1
2517;0.5217533185558418;0
6257;0.5207073890394247;0
10356;0.5224964817230511;0
10428;0.5793898481844499;1
6109;0.5207072594934075;0
8675;0.5895932458448135;1
830;0.5223153550126698;0
5495;0.5822426814518007;0
9614;0.5159306937132316;0
5200;0.5232394495615893;0
16386;0.5158924257651261;0
6207;0.6568969281413433;0
2881;0.582430544976495;0
1593;0.833305622157755;0
15725;0.5159209173760995;0
11624;0.5794037411539443;1
6337;0.6137515184900869;0
10609;0.5248289533656705;0
4385;0.5158815928113779;0
9528;0.5216285349695853;0
12602;0.516096279964148;0
3046;0.5205320238215608;0
9509;0.5091747969014921;1
11971;0.7641826226083617;0
3509;0.5943044605114887;1
1398;0.5934257936395305;1
7366;0.7821267800095001;1
15199;0.5159908328027043;0
3606;0.6736535374055896;0
8049;0.5163307375740485;0
3070;0.586884212579599;0
4380;0.5207073837432405;0
9199;0.68234901528824;1
13306;0.513810606918953;0
5518;0.7578956238910112;1
16041;0.5225370972575807;0
1874;0.5158982752221308;0
15675;0.5897076469959562;1
10022;0.5160938125242123;0
2871;0.5787403714129121;1
9173;0.5155797603542362;0
2679;0.5973539091253219;0
876;0.537114402425979;0
552;0.6710860797119694;1
3751;0.5159374432406665;0
16973;0.7454474391141743;1
14147;0.5235235840667422;1
12845;0.5226589209217848;0
14180;0.5897014534864652;1
12318;0.589722435009156;1
14411;0.8333412962291795;1
16756;0.5584295181082318;1
8301;0.5207073730190598;0
5631;0.7591349948468324;1
5090;0.5794230363429277;1
9329;0.5793219473301164;1
4758;0.5789028547407669;1
2487;0.5897311760519391;1
12522;0.5831870736820509;1
3348;0.5076854720752437;0
4923;0.5793976078006207;1
11656;0.5976388115843135;1
312;0.5897077830776639;1
8310;0.5159943388105503;0
6804;0.5225334055853411;0
4423;0.524458272458018;0
12290;0.5897409723944077;1
12649;0.5159352044842076;0
3444;0.5895514745789822;1
6119;0.579378517130089;1
4859;0.999982539656249;0
6056;0.5159475463760043;0
13043;0.5153946206266912;0
158;0.5201268273799815;0
13507;0.5133714891802919;0
13373;0.5207072196992721;0
3663;0.5510160511105173;1
9765;0.5822940580057788;0
16163;0.5207073894055496;0
11649;0.5159402369054873;0
6269;0.5158893739457707;0
13580;0.5158897293278204;0
4207;0.5227401513778007;0
15422;0.5158856461880222;0
8132;0.5158854286988019;0
14759;0.525925075342984;0
2809;0.5264945714834451;0
5805;0.5207462339727524;0
16096;0.5793728603484493;1
11058;0.5159456246872769;0
4176;0.5159555842846897;0
15569;0.515888138086579;0
569;0.5160371013391543;0
13632;0.5794103434323781;1
217;0.5747328486472403;1
10709;0.8654639352363157;0
7985;0.5159762074747394;0
9261;0.5692284421921108;0
10004;0.9915562142831196;0
12412;0.5860406622352616;0
1793;0.5933913570139313;1
13229;0.589719707451741;1
6915;0.5793732787569134;1
5133;0.5041977243360781;0
2853;0.5158971380238374;0
156;0.6471317331797342;1
3428;0.5791567817121341;1
10771;0.5226595424461971;0
16121;0.687970446923065;0
10404;0.5793912392022103;1
922;0.5242291067925954;0
17012;0.5163776144413085;0
6241;0.5158860670609682;0
809;0.5794179753914199;1
6209;0.5165062020382787;0
12341;0.6247470077859829;0
11101;0.5162520279362574;0
5168;0.5897334607697428;1
2528;0.5225666351666172;0
6205;0.516017921604714;0
14602;0.515941655258169;0
4679;0.5824121390119475;0
13163;0.5159091149839212;0
11305;0.5141550578518241;0
6389;0.6399259879941905;0
14441;0.5158670258204363;0
9939;0.5159072310474597;0
1063;0.5160050810236065;0
13480;0.5224226229241019;0
10895;0.5917908197495054;1
5771;0.515892464213926;0
16256;0.5225376494049393;0
14155;0.5225075497335827;0
16329;0.5197765280417912;0
473;0.5084055075313407;0
8176;0.9669579838247895;0
14227;0.5158884838287573;0
4273;0.5158974222905577;0
8124;0.5167623434643924;0
14090;0.5159969595679864;0
4158;0.589718220800515;1
7026;0.5139018305127352;0
12262;0.9457492605219182;0
14817;0.5142289736419324;0
8924;0.5128616474935368;0
16716;0.5159436681464369;0
150;0.5163102140103029;0
14751;0.5198096068930201;0
10957;0.5145985035836635;0
10510;0.5207794791384608;0
6374;0.6877278563376609;0
1752;0.5801739636530119;1
8367;0.5225075506599609;0
3669;0.5165142077043102;0
8601;0.5226773755925338;0
9201;0.5218734731950962;0
6457;0.67718008823906;0
7207;0.5896150402216791;1
8159;0.5224947748337954;0
4406;0.5224969442540668;0
12776;0.5225251325919427;0
555;0.534847452538428;0
7191;0.5158871514641523;0
8313;0.5129364618900574;0
9222;0.5828591662081923;0
10807;0.5225149350230887;0
1856;0.5793341518559167;1
13042;0.5756187140596501;1
1076;0.5160847501001717;0
3235;0.5674346818969916;1
13692;0.5896131187792042;1
2006;0.8031095740918495;0
15151;0.5129788517469803;1
808;0.5157338515804002;0
9653;0.5159474460037212;0
14951;0.5007695860849682;1
16198;0.5156349503540048;0
5750;0.5165257707880502;0
1500;0.5225006186164276;0
17000;0.5162935431478854;0
7729;0.5823240497101752;0
685;0.5158845428916792;0
9782;0.5159014686824996;0
14511;0.5159017221704939;0
15056;0.5308259207963818;0
15015;0.6625691895878482;1
4100;0.5151414769668943;0
16997;0.5243744695986388;0
6306;0.5135221428259289;0
4319;0.5673010100278719;1
2299;0.5161893275612679;0
2806;0.5206166981961413;0
3795;0.5160138894871775;0
14755;0.5159098502925292;0
7605;0.5147823676709613;0
9993;0.5159584932001637;0
14571;0.6998898590038007;0
9660;0.5792259342426398;1
468;0.5510196882062943;1
16758;0.582245792697673;0
3837;0.5823406543076779;0
892;0.5267338654999794;0
11389;0.5225149391120617;0
722;0.5257380776264589;0
227;0.5225154070590983;0
2564;0.5075985844304234;0
4650;0.582306839207279;0
16906;0.5274147551526973;1
2903;0.5685950884629336;0
9419;0.5163719414155776;0
381;0.876885202094434;0
13443;0.5163242234239747;0
776;0.5064194921480434;0
3921;0.5207610074784484;0
622;0.5822597781415397;0
14348;0.5822774986029782;0
5535;0.5159192004683666;0
1610;0.5064968167494324;0
2841;0.8259880757022524;1
7840;0.5208127133279512;0
11839;0.5712217347530627;1
15796;0.5508865802928855;1
9254;0.5896457765613873;1
13391;0.5207073956663512;0
5071;0.5207073963893519;0
11826;0.5158789016080392;0
5777;0.6129000428489964;0
4476;0.5158971121277923;0
7351;0.5792291636933938;1
16086;0.5160124347433463;0
10742;0.5160311308406216;0
4197;0.5893571309386942;1
13516;0.5822836751239855;0
6664;0.5242352974441703;0
7929;0.5793965606608358;1
3582;0.5157280350038959;0
4232;0.6562915715421082;1
14679;0.5158825092474946;0
16309;0.5932451249009076;1
9977;0.5160759192061255;0
1915;0.5242084073951168;0
9562;0.5790252767505456;1
8745;0.6203330051184988;0
4847;0.5521086749022591;0
5223;0.7520859989313581;1
13435;0.5158982461666464;0
13165;0.516097432012365;0
9091;0.5207073951404818;0
4525;0.9999899871972985;0
5244;0.5823720545337474;0
10048;0.5371195131372413;0
11574;0.5790560506124638;1
55;0.5794115881107242;1
8627;0.5225370877828397;0
16966;0.522507541676718;0
7166;0.7108751248850117;1
8079;0.5159064655123837;0
10331;0.5793103089536267;1
6774;0.5914481288176034;1
6549;0.5225112714242522;0
1565;0.5793921403383158;1
10388;0.5158928024878922;0
15017;0.5158428824688209;0
13404;0.5207072502388552;0
16431;0.5206871436456088;0
4705;0.5208902693807392;0
5303;0.5826183385492587;0
3787;0.5822723752887833;0
8468;0.5832048295441269;1
2606;0.5794156952914866;1
11873;0.5340764559296683;1
4331;0.5265078527201773;0
13796;0.5827442600676942;0
3028;0.515915878109097;0
3920;0.5159070485415267;0
16072;0.547635842208595;0
5843;0.5158755457560265;0
10474;0.5161687836345104;0
15759;0.5228344373580187;0
1531;0.5793961950293882;1
12105;0.5938467565145095;1
2035;0.5159194351232379;0
7419;0.5154209912181351;0
12620;0.5822864153457902;0
10535;0.5207073903755557;0
690;0.8416539753155899;1
15229;0.5165994523334141;0
12288;0.5160072090371177;0
16751;0.5234863664222821;1
5078;0.5793993290635362;1
11738;0.5794074323106911;1
4145;0.5329462609727884;0
10887;0.5224964716230303;0
2028;0.5823360657958874;0
698;0.5225112378992025;0
8893;0.5158980514732563;0
13152;0.5822429337123329;0
2682;0.5159682918780335;0
11068;0.5129250335008502;1
16768;0.5223125696169901;0
13116;0.516006768935972;0
1770;0.5158957135914104;0
10473;0.6813092222211767;0
4886;0.7625127901516396;1
11121;0.5173314775269791;0
3054;0.5135632126462735;0
13542;0.5159041541931484;0
1120;0.5225186189485149;0
2473;0.515920572874776;0
7346;0.5166021519517812;0
3686;0.5822475456001888;0
5886;0.5242430729324051;0
1999;0.5198639194646004;0
12422;0.5685373928778837;0
6353;0.5230614075842355;0
12120;0.5885708477646003;0
7445;0.5160779250315213;0
5397;0.5905554946520372;0
16950;0.5793470630024475;1
850;0.5159018332245522;0
4477;0.5224964604712339;0
8227;0.5224964785888437;0
13806;0.5158899355802358;0
3142;0.6275744659492275;0
5606;0.5165155794755241;0
9003;0.5159319150759456;0
10593;0.5164752189403884;0
42;0.5075451094395422;0
11075;0.522463245240862;0
8969;0.7891285018305692;1
8364;0.5822576143818967;0
10939;0.5225191413385715;0
10625;0.5916094600560284;0
4683;0.520707389843098;0
6840;0.5159186359984684;0
4186;0.5159106687819544;0
7496;0.5897510181025075;1
9113;0.7313317598550775;0
4103;0.9140523210069638;1
15381;0.5162125216341475;0
9410;0.6910703511350869;0
8680;0.5159183560057776;0
3167;0.5897076208302493;1
3088;0.5158962792239705;0
4075;0.5896160349598045;1
5763;0.5159820096633535;0
16165;0.5207073943909892;0
16379;0.5159157591509231;0
13421;0.6035943049965709;1
4411;0.5162152499272201;0
4294;0.5198099211921476;0
3917;0.5159186198692263;0
1393;0.5888656272288989;1
13148;0.5531037033526751;1
2783;0.5224927800088306;0
11477;0.5207073890148135;0
15790;0.984869335134714;0
14632;0.589559532948787;1
1914;0.5158878566525664;0
5798;0.5159701822245706;0
4519;0.5199156861952519;0
10010;0.9024357169997788;0
14166;0.5593226201132683;1
1586;0.9940498139807838;0
8676;0.515929320366743;0
5021;0.5225481853249274;0
6400;0.5159017878642247;0
11918;0.5159960628637488;0
3661;0.5151273327279032;0
15939;0.5756199930150103;1
11279;0.5932025587802379;0
8306;0.5225407969561298;0
9669;0.515888492273289;0
13705;0.5897385581991866;1
10865;0.6238493154921411;0
16403;0.5115129577397659;0
11288;0.7438254344996021;1
883;0.512965493423396;1
7887;0.5894927652221349;1
2293;0.5159245534379984;0
8754;0.5205689568261243;0
12867;0.5207073884660903;0
9597;0.6057602080965163;1
7472;0.5160095343825151;0
5271;0.5824699004432765;0
5060;0.515903606193132;0
12512;0.5750714193810176;1
1792;0.5159128393184105;0
14559;0.512355488687085;1
1066;0.5224964848352235;0
14867;0.6074082423436828;0
1530;0.5159147251471538;0
14944;0.5158895435048503;0
2890;0.5154909983098964;0
5349;0.5811069400401114;1
3891;0.5225223172902633;0
4111;0.5206169690205509;0
6467;0.5158962516368224;0
16565;0.5225124078173737;0
10501;0.5927985090396718;0
14496;0.513512535268362;0
14874;0.5510044395337401;1
460;0.5934974977591361;1
9180;0.5007653073544164;1
5688;0.5159282763288767;0
8027;0.5226093597923156;0
7133;0.5159455683856692;0
4811;0.59152698160284;0
578;0.5225075649870683;0
2382;0.5790069475524988;1
16380;0.5207074818329559;0
2635;0.582772113847519;0
981;0.5158984477185458;0
4303;0.5165622666805264;0
14356;0.5823905930399362;0
11290;0.5225001655103645;0
2283;0.5264985163365792;0
3561;0.5934735135201546;1
11951;0.5159024692214598;0
16813;0.5897217120083668;1
14151;0.5140019164123449;0
255;0.5229579748264883;0
15537;0.5830453376551173;1
8813;0.5230983937908547;0
12907;0.5225038574660333;0
12632;0.5224932336993402;0
15618;0.593477530343472;1
13270;0.5158976209400938;0
14486;0.5832034399011752;1
15821;0.505959890667707;0
15407;0.5371251698636328;0
999;0.5204318901554483;0
10401;0.5151817835655238;1
14366;0.5224965389892672;0
7763;0.5210638507908116;0
14518;0.58973708171224;1
6018;0.671575099467818;0
16409;0.5204691404722794;0
16447;0.5934983419171747;1
9910;0.5152101288051514;0
5944;0.6107815523311705;0
859;0.522596160510321;0
3249;0.5783695325331883;0
15955;0.7286687015227398;1
15091;0.6225615740817845;0
14238;0.5158889172729293;0
1345;0.7804280531839742;1
6461;0.5166709884860563;0
6369;0.8215635614271312;1
14312;0.5209419953974219;0
12500;0.5158934768266008;0
12612;0.7327970847936209;1
8323;0.5159121156582158;0
17066;0.5211229994564237;0
16494;0.5269975675903411;0
5655;0.5165416143130552;0
593;0.5159933959414857;0
13775;0.584101870268138;1
15711;0.5831980028430317;1
811;0.515887634688829;0
15588;0.5225186264613564;0
3863;0.6595956013304349;0
1153;0.5221722794371368;0
8716;0.5160473511964818;0
3766;0.5159652810836093;0
4658;0.5896864877779981;1
16803;0.5242502972243055;0
8753;0.5159223235762893;0
8700;0.5159930859202491;0
8809;0.5020163611287642;1
9501;0.5159124950228012;0
5019;0.5159387050839184;0
7147;0.5160463075087245;0
5236;0.5159011323839715;0
16205;0.5189591709596064;0
6533;0.5159184237637331;0
15029;0.5897388786610009;1
8081;0.520761008225438;0
13045;0.620557954375824;0
5740;0.5207647012649623;0
2781;0.5225887761212424;0
1251;0.5228952136665359;0
10547;0.5839845939088363;1
14250;0.5242064586810615;0
3122;0.522518627792083;0
16874;0.5225154213700826;0
8731;0.5892087547793222;1
16230;0.5158913965112538;0
2091;0.5086995635937039;1
16393;0.5207073046654414;0
12725;0.5166366525292869;0
12036;0.5161342375184579;0
961;0.516664795780889;0
4287;0.5224964776712613;0
7883;0.5224890961959199;0
9428;0.5225177542833198;0
13395;0.5158838449734376;0
7294;0.5793898504490537;1
7184;0.7257301171158687;1
51;0.5199129391317603;0
4731;0.5786291662192675;1
12908;0.5828508921974016;0
10779;0.7850464273804965;0
958;0.898069418354388;0
15940;0.999993355209717;0
16523;0.5158866575789074;0
3918;0.5794129634780244;1
1532;0.5216813750343633;0
15801;0.5509351295074377;1
14585;0.5159269238515589;0
16827;0.5225186224422425;0
15653;0.5935044579777767;1
15657;0.5793874310652417;1
3847;0.5020317303205403;1
13481;0.5075758381611613;0
4127;0.5226294391728521;0
1893;0.825451252776217;1
16934;0.5159119462623571;0
8774;0.5831981928403596;1
8233;0.6143783255311976;0
8664;0.5144754634288313;0
523;0.5131667161107726;1
15543;0.5123699206524239;1
9618;0.5162229692833669;0
1679;0.5225888162562459;0
11070;0.593446444261104;1
2400;0.5225075563950996;0
14466;0.8717185511345804;0
7773;0.5889971326441448;1
3540;0.522492772902345;0
9701;0.5897394212888483;1
11774;0.5145852743383451;0
7173;0.5235949193919969;1
8453;0.5822532309791599;0
14879;0.5750849977459597;1
10247;0.5159099197395898;0
16754;0.5207073834137121;0
10091;0.6430737005866289;1
8106;0.515692764831778;0
16432;0.5225075435943497;0
1842;0.5242171268230422;0
6636;0.5129649386030812;1
5103;0.5297297280190537;0
14066;0.5789784982999843;1
10786;0.5225112348761886;0
9215;0.5160904264604766;0
8852;0.5237984304959229;0
12894;0.5159961282348089;0
14512;0.8898013668709228;1
15051;0.5844408165607257;1
7545;0.5017094254111504;0
6972;0.5060010544360232;0
3800;0.5831988999124162;1
10857;0.8149508830679357;0
8145;0.515848395171319;0
6015;0.5159168793825417;0
12945;0.5829549801046131;1
8365;0.5164766660830844;0
4804;0.6709232478063895;1
532;0.5793462729999446;1
14902;0.5158968547441671;0
14875;0.5225518683064578;0
6905;0.5075466509060712;0
3890;0.5861332699196612;0
14798;0.5793483809421749;1
12316;0.5158768737923414;0
9600;0.5161807464792634;0
15757;0.516520155453123;0
14306;0.5159053718848716;0
9695;0.5793961136643776;1
10845;0.9101066250147458;1
13375;0.5207073820725945;0
13751;0.5159055876537567;0
3936;0.5159350280816097;0
7443;0.5225001596993513;0
4576;0.595573263284052;1
11607;0.5160117739380128;0
1292;0.5224928064714767;0
9414;0.515894732354828;0
543;0.5227037657101902;0
14117;0.5828182142105962;0
15514;0.5159248200194202;0
13728;0.5225075482122159;0
15533;0.7126476315783965;1
6475;0.5207073606423146;0
14516;0.5159008959912003;0
8919;0.5160448658029819;0
15555;0.5225112456110415;0
3464;0.515905758731212;0
14209;0.5158857230964954;0
3077;0.5898426474511261;0
5187;0.5822709447053687;0
16595;0.5822427381986777;0
2004;0.5303044960490377;0
16728;0.5159485677121413;0
14046;0.5224933576723958;0
2402;0.5159966029255212;0
3845;0.5246047021430689;0
13639;0.5075742123849261;0
14660;0.5080160541734776;0
15876;0.5224927989975173;0
4714;0.5158320972933217;0
11289;0.5207074767856777;0
10640;0.8847008211260846;0
37;0.522541790242149;0
5355;0.5832169227439098;1
14970;0.5158898656908728;0
15872;0.7110272482658149;0
14597;0.6470803029365858;0
9989;0.5207073890394247;0
11732;0.5225075695655774;0
6538;0.9789061227707049;0
11787;0.534699544130615;0
12835;0.5159200154731631;0
4184;0.5896832971859584;1
11748;0.5824115328365205;0
16473;0.5209419745560558;0
375;0.516161127715302;0
7099;0.5225075490531155;0
9620;0.9893405680375076;0
10962;0.5163599299387741;0
11302;0.5210860495287479;0
1659;0.515947841435286;0
6528;0.6074214471060239;0
16308;0.5158843622868665;0
11038;0.5797795461551523;1
15162;0.5934916190364595;1
16543;0.5158859278491963;0
8566;0.5158729917389224;0
11354;0.5165526613174243;0
13805;0.6430286213243425;1
8297;0.5506672716888956;1
11025;0.5934125170682246;1
7132;0.6045606302536626;0
939;0.5225080024518394;0
16694;0.5166375220196608;0
4469;0.5231254023792995;0
11736;0.5896867310895852;1
8823;0.5165327751842017;0
333;0.5831979071509428;1
14471;0.550904612110273;1
9272;0.5227918386076322;0
2812;0.5791976187958209;1
1314;0.5159113802737535;0
10103;0.5793758619954352;1
14990;0.5159083542020835;0
3832;0.5225112438317826;0
4099;0.5891459950426102;1
12237;0.5926449911106079;0
13243;0.5793590758524899;1
13349;0.5159098241132034;0
6898;0.5159195691843996;0
13170;0.5794177917391169;1
10416;0.5225223206744787;0
5433;0.5863790176010513;0
7881;0.5785810420317026;1
10497;0.5162909372353756;0
7873;0.5158795276321535;0
1486;0.5207073968099281;0
261;0.5235557272366115;1
13932;0.6848200043852095;0
8890;0.5136502106072285;0
11713;0.5151839263882596;0
378;0.5827021828776543;1
6251;0.5822963365672629;0
9168;0.526849569780769;1
11393;0.7821941450444954;1
7399;0.500475990012315;0
6167;0.5794017705108745;1
230;0.5137384492735917;0
12860;0.5200332436129835;0
10760;0.5159449019223044;0
8990;0.583197295537999;1
5717;0.5792898151544124;1
9561;0.5945128816934862;1
11592;0.5164808738005822;0
7907;0.5795119319480386;1
5556;0.5787472988771512;1
14408;0.522633080036039;0
8863;0.5831922566749409;1
14195;0.5741145350623449;0
12895;0.6162409468211482;1
5251;0.5161748332221492;0
8733;0.5225038476225731;0
16823;0.5238756730909138;0
4344;0.7326911412280082;1
6193;0.5158559827692174;0
9750;0.5273822767888925;0
13390;0.5159070299930033;0
13192;0.5894049682224224;1
201;0.5241320864691096;0
9197;0.5825396949915539;1
12013;0.5136670052946513;0
12078;0.5207073782656455;0
2697;0.5651532040583522;0
4047;0.5822454067940736;0
8882;0.5823001069606867;0
11804;0.6114904157070905;1
13658;0.5592067900126313;1
16109;0.5152752141142083;0
4712;0.5826965035722258;0
14379;0.5236066314691663;1
6765;0.5784258227830945;1
4269;0.5227849661099621;0
3262;0.5790776585128318;1
13315;0.522692211438766;0
12042;0.5832484766557834;1
7816;0.5207073882357515;0
8166;0.9993213377178782;0
9544;0.5253858847450836;0
9149;0.5209715282111643;0
5080;0.5935268256039583;1
1851;0.5163170189895838;0
2524;0.5165990808225851;0
9037;0.5833905518692599;0
10086;0.5160412824276739;0
4146;0.5159315328530627;0
3922;0.5793572997960538;1
10538;0.5076790770113033;0
4183;0.5158918374179122;0
6970;0.5822798339281241;0
4735;0.5752031542551629;1
6396;0.5158601447237097;0
7702;0.5822744288396859;0
16031;0.5158896063790046;0
13215;0.5793999035658003;1
13337;0.5225407897218115;0
11034;0.5905008028734738;1
5388;0.5160273034948778;0
3702;0.5161884512165348;0
13581;0.512401854470807;1
3147;0.516858763342631;0
13533;0.5159127765001922;0
15396;0.5792707940497703;1
6683;0.5159364268090377;0
15787;0.522625692703109;0
2170;0.5148294335883805;0
8887;0.522762341639812;0
11514;0.5822462235147876;0
14311;0.5225820338568528;0
9156;0.5159285423272035;0
16977;0.522245214789758;0
7153;0.5163209689999378;0
4936;0.5788265116551519;1
6995;0.5224932507083082;0
6025;0.5897429000386604;1
8592;0.5822538936298501;0
16635;0.5132594610203931;0
9759;0.5794052632574626;1
17093;0.5225334142423299;0
9875;0.5207073954491861;0
7776;0.5225038681319822;0
4059;0.515899840906515;0
2217;0.5208090199538609;0
9273;0.579371276905671;1
15173;0.9858592341365509;1
10434;0.5158969708263526;0
15132;0.516018984481461;0
817;0.5164786135983276;0
6846;0.5157783088116692;0
15378;0.5159034570867334;0
4069;0.5206189544896478;0
1620;0.5207073670740188;0
16221;0.6642115585767712;0
11953;0.5259370804134431;0
11820;0.5824853296377244;0
8016;0.5619971519116892;0
9064;0.5794168138164987;1
15630;0.5903439601901599;1
2141;0.5207073887731958;0
12551;0.5007720814774598;1
2239;0.5158843636974806;0
2761;0.5163040550859397;0
6053;0.589718874876767;1
8182;0.5162578632040074;0
7271;0.523345600156587;0
16326;0.5156075743837847;0
5291;0.5159728943889145;0
6449;0.5197916752456533;0
3098;0.5159003742147532;0
12566;0.5224896360585382;0
9513;0.5159693889341255;0
16752;0.58973138888518;1
9345;0.5225296952192566;0
15923;0.5824255253178299;0
15765;0.579405584560907;1
7682;0.5831784292187556;1
154;0.6738070726073837;0
8335;0.5007496417540305;1
13774;0.5677366089700999;1
8454;0.5242247468669853;0
5335;0.5224964736687504;0
16475;0.6207525194449299;0
6325;0.614521873897009;0
12462;0.6035950036473702;0
9651;0.5548271990568933;1
2406;0.522544473513546;0
10683;0.5225204050468466;0
16682;0.5831955865701981;1
6064;0.5125042884660995;0
9727;0.5225186292902435;0
1736;0.5160283665644505;0
105;0.5896440050350451;1
10768;0.5089927775685672;1
11723;0.5159182202476137;0
8223;0.5813288103859078;0
9771;0.5207073030463896;0
12847;0.5159303335409837;0
10379;0.5226523973395909;0
1299;0.5159296703496227;0
16811;0.5822409852809667;0
2039;0.5208422574508227;0
9084;0.5199849463057544;0
17076;0.5225259969730709;0
7183;0.5903370273938657;0
4180;0.5158875226618242;0
8600;0.6658668588897161;0
5812;0.5158847879794721;0
11252;0.5159413447568253;0
9166;0.5822473638863161;0
5424;0.5822458110822086;0
14281;0.5159362701205359;0
14150;0.7632577983405727;0
9121;0.5159430632366341;0
1652;0.5832094375141006;1
5730;0.5158900759080053;0
17022;0.5865298566280888;0
6836;0.5207073961594393;0
7360;0.7879057625021997;0
2435;0.5159904456249969;0
5444;0.593507400711893;1
5066;0.5159149180944615;0
2114;0.5158462449437686;0
13476;0.5207073911483254;0
17017;0.5145321280724224;0
10105;0.5207073839511565;0
13072;0.5226921982067004;0
124;0.5159367570129604;0
16664;0.5207073870131578;0
7777;0.5793858628541126;1
1175;0.5210543354786428;0
14221;0.5897164048323316;1
3394;0.5158919903526351;0
2440;0.5158928757362635;0
10326;0.956073833765614;1
4548;0.5892415977175263;1
4121;0.52070739141891;0
101;0.5794331837743952;1
13532;0.5159123381743966;0
11906;0.5225001645457616;0
10168;0.5897204400011072;1
4449;0.5210896967693153;0
8491;0.5159872715850196;0
11180;0.515355620931415;0
11909;0.5822857265146937;0
4224;0.515890803239434;0
16933;0.5794148612906987;1
9408;0.5822448096817491;0
10855;0.5897328584181444;1
15720;0.5822469244282606;0
7180;0.5167726490562112;0
3228;0.5934544498227783;1
1239;0.7140768595725842;0
12622;0.5158998854186863;0
7699;0.5225666238183766;0
1795;0.5143916125137951;0
9072;0.5229225191800135;0
7129;0.5822456408052838;0
16434;0.5158931972912133;0
2485;0.5007138783301979;1
10528;0.5229322266802606;0
7515;0.5225877281444364;0
4514;0.5159512115313509;0
2388;0.5603847657479184;1
13263;0.5164276587505212;0
2760;0.5897067310585034;1
9864;0.5159292767053092;0
9797;0.5070820546092252;0
1997;0.5224927886881489;0
2310;0.5198214252323529;0
3545;0.8030546194798247;0
17045;0.7787783142353653;1
323;0.5822739050684262;0
1161;0.5159089746327746;0
12157;0.5220348080737016;0
160;0.5207683995320369;0
3060;0.5207073895302992;0
1111;0.5831254257740173;1
1644;0.5822615119725598;0
12812;0.5159235301079657;0
12724;0.5159830522364159;0
267;0.5158909297553523;0
2767;0.5671179098048013;1
13407;0.5159127072929035;0
12453;0.5786927086983676;1
10765;0.5224927797624257;0
15080;0.5150279011532948;0
4994;0.5168595865095285;0
12593;0.5930452026918791;0
13864;0.516096279964148;0
10065;0.5158911932381453;0
12321;0.5191465005366527;0
13911;0.6201069619001812;1
10936;0.5207073064959815;0
4584;0.5161905305456873;0
1231;0.5794153733725106;1
12110;0.5934695833766285;1
9347;0.5158859101823425;0
12260;0.6353755153296089;1
4874;0.658150230257158;1
4050;0.8013285793794019;0
4229;0.5224816987376174;0
14666;0.5225149366603297;0
4074;0.5226773858805037;0
3615;0.5225555482027489;0
7807;0.5822177570686005;0
7121;0.5225001648119079;0
11452;0.5824622381400891;0
6569;0.5160798498948491;0
10711;0.5159376639623461;0
8133;0.5158955340156357;0
1850;0.5225260109161731;0
11532;0.545840046373483;0
11650;0.5207573150559333;0
9650;0.5160738649212302;0
8732;0.5822461316611544;0
16302;0.5225407876480972;0
16621;0.8964236977597762;0
11023;0.5159231330133773;0
2961;0.5934999908667465;1
4636;0.5167261541289303;0
16089;0.5158930986961239;0
5049;0.579397087289888;1
2347;0.6810441408649344;0
11557;0.7126716289137117;1
8879;0.5217520872951074;0
7338;0.5160285374672866;0
4794;0.5158884689163816;0
4996;0.5370898899370622;0
4088;0.5792293906615696;0
14048;0.5831929031259906;1
7088;0.5158854577253059;0
6170;0.582268788063246;0
15600;0.5164215970972641;0
2020;0.5165104638064177;0
1828;0.5207073903609178;0
5082;0.5163255570302141;0
15638;0.5210934676342507;0
12628;0.6217099131209989;1
14552;0.5158864507344357;0
14843;0.5874219444639036;1
11588;0.7556639313300142;0
9077;0.6423081778442578;1
6324;0.5158974760629655;0
13928;0.5159129003540421;0
5937;0.5227480347954434;0
9395;0.5228084498217437;1
12757;0.5225695167819484;0
7282;0.5207073705107618;0
13622;0.5162545428385451;0
6061;0.5163995783084148;0
5320;0.5225407816350929;0
6814;0.5896228205517465;1
1418;0.5158963411676072;0
12155;0.5163679961653782;0
4421;0.5875129443640582;1
13754;0.5223629488201877;0
6797;0.5144082636945662;0
1666;0.5158874391158847;0
9233;0.5325624547584575;0
13049;0.5794076716202116;1
964;0.551846311324897;1
7675;0.5159015374087317;0
13927;0.5798280039692298;0
10737;0.9965165393714993;0
2278;0.5828725011318651;1
11675;0.520779478962999;0
3796;0.5243473793966305;0
13485;0.522847247105278;0
5905;0.5889782153057634;1
6547;0.5829295070367294;1
10173;0.5391701499152393;0
13432;0.516869692314822;1
16840;0.5158976059512207;0
8929;0.5228879143485037;0
4910;0.6496577180957468;0
11626;0.5129761129431156;1
6327;0.5161242323948336;0
4341;0.7405043736122915;1
5257;0.5158864395855582;0
3161;0.5161692172125704;0
5800;0.51656098336085;0
4236;0.5136107786760727;0
10415;0.515915376735888;0
2983;0.5016771616633476;1
6280;0.5160049581067512;0
14185;0.5160469172558899;0
1190;0.5131217595964443;0
15509;0.5159256234066092;0
14367;0.5919841764811287;1
513;0.5159041824400891;0
10514;0.5207074112760459;0
5685;0.5823235752398804;0
6637;0.5007648763703778;1
14870;0.5159948423921389;0
13327;0.5239388971108014;0
15889;0.5925462502942225;0
5471;0.579408042622129;1
5983;0.5162188191174222;0
15438;0.5215701708612965;0
1774;0.6134305292356954;0
3031;0.5158957443398112;0
15887;0.5287761842329906;0
3291;0.5158822579113609;0
3436;0.5131205815918185;0
15970;0.5793942095855608;1
9992;0.6752827099315423;1
9714;0.51448383391338;0
1807;0.5158956266584049;0
976;0.5793578205081229;1
1529;0.5822466547896813;0
16505;0.5224891149025126;0
6697;0.5159041577923538;0
10785;0.520707369360289;0
7783;0.5823363020088586;0
9105;0.7424356572464098;1
12804;0.703898918384231;0
14616;0.520707427344439;0
8177;0.5159176694098686;0
9030;0.5832240545730627;1
10347;0.5933087702688269;1
7696;0.7023179211019653;1
11604;0.5826747569757069;0
9772;0.5826479714376718;0
7127;0.5209530577893963;0
11340;0.5158271586677816;0
16467;0.5935012345690175;1
888;0.59346551811083;1
14638;0.5477285188639852;0
12906;0.5158837268439229;0
12927;0.5750723276856267;1
5942;0.5207979336065585;0
14102;0.5158976222459433;0
184;0.515482928239265;0
2252;0.9353119440420214;0
14701;0.5897296549726226;1
9425;0.5158862666547206;0
14337;0.5794638740013253;1
4867;0.5787366112525595;1
3475;0.5165372616188584;0
13311;0.9999171161069669;0
3256;0.5160848433371743;0
14047;0.5225075433070067;0
8704;0.5208238119782269;0
16920;0.6414686354354526;0
1553;0.5208791955060073;0
16836;0.5159139365437098;0
4521;0.5137854147885905;0
15832;0.5137041062095595;0
4965;0.5159701004358977;0
5618;0.5207073887452538;0
11963;0.5825646829128804;0
5739;0.5897079339529647;1
9062;0.6511023765930584;0
4509;0.5159419174150741;0
13024;0.52250016045491;0
10641;0.5154351511184689;0
13187;0.5161863057447957;0
13093;0.5225666182606971;0
12050;0.515906370134237;0
13789;0.5822686384790933;0
3937;0.973009001190091;0
14017;0.7859024111139822;0
11498;0.522507568572037;0
6156;0.5827350419675746;1
7216;0.5602663350897725;0
14138;0.8251976906415917;0
11955;0.5145454273067894;0
1601;0.5794060483839606;1
14177;0.593544015194571;1
1387;0.5145190471702115;0
8433;0.5208016337180414;0
10905;0.5810471272896743;0
7706;0.5207573139933451;0
2455;0.520698222948297;0
14033;0.5160384459448131;0
8690;0.5822411960863811;0
6914;0.5934997443818454;1
374;0.5247336278328787;0
9117;0.5225260106354994;0
8197;0.5142973242491335;0
15908;0.590365150129111;0
4550;0.5161450076358114;0
8549;0.5371126774438317;0
2315;0.5125371815610082;1
3412;0.5793891852673423;1
3855;0.5896795209367587;1
14736;0.515887667933853;0
12294;0.5159142964675436;0
8003;0.5224854007799526;0
12936;0.5894913241351236;1
3261;0.5822459607762791;0
12715;0.57875431802108;1
14634;0.5146177049355674;0
13687;0.5158931709589987;0
10341;0.5159624651522869;0
730;0.5205504893018164;0
12831;0.702071411559339;1
12517;0.5225001580093632;0
3754;0.51589568141576;0
11352;0.5158962212727838;0
7108;0.5336343694179888;0
6908;0.5853897925603808;1
4969;0.5164078551617173;0
4398;0.5158918420325652;0
14045;0.5055852986852284;1
2514;0.5156421426250124;0
2462;0.5159062638585519;0
16185;0.5159245789840685;0
3096;0.5793808386156106;1
6573;0.5198304218099323;0
7444;0.5224669520003891;0
7125;0.5164608315553516;0
14834;0.5265028285381248;0
10813;0.5158995144655797;0
14091;0.5159291691044052;0
3985;0.5794043358305325;1
13230;0.5151330492958943;0
13831;0.5897294450095278;1
6404;0.5229395154843559;0
7965;0.5161238964666299;0
4664;0.5158911863524938;0
12685;0.5235184482758837;1
15695;0.5225009944756176;0
16181;0.5822714892146168;0
13110;0.5159382178444667;0
8841;0.5822705480018224;0
11688;0.5159600829319262;0
4148;0.581515768832287;0
4387;0.5165900213611503;0
2421;0.5894971160874714;1
5836;0.5794135486162495;1
10832;0.5822418078770805;0
2488;0.5342722688941757;0
14519;0.5958013030343792;1
12357;0.631433732791887;1
2648;0.5050580673753813;1
13345;0.5145088593604469;0
1454;0.5793995448542637;1
5522;0.5207831776133363;0
16045;0.5159296931471158;0
6644;0.5159164509473473;0
2285;0.5159424309029932;0
10270;0.5792891356636563;1
17060;0.5225260186513101;0
8097;0.5224964724214693;0
7371;0.5897599448664479;1
11977;0.5158931554161124;0
8583;0.5162840058414242;0
10914;0.5225223145132594;0
6603;0.515893978025103;0
12658;0.5897147665097152;1
3605;0.5168494700099902;0
11844;0.5213040130631503;0
6017;0.7019054927653329;1
10793;0.523681044408782;0
14983;0.5804763280801218;1
14901;0.7455403943816667;0
11540;0.5225001650880243;0
12694;0.8143426582287899;0
3717;0.5831820331273958;1
7090;0.5158972428072213;0
659;0.7571947763130584;0
2587;0.515895040205425;0
4090;0.5822936998488979;0
3272;0.5822500155253615;0
9497;0.5167699929674394;0
5951;0.6279581461310387;0
4560;0.5161465592552845;0
3756;0.5208016384422026;0
13323;0.5465376506053281;0
16700;0.5162365244963882;0
1646;0.6274355207894617;0
14648;0.5896826420817597;1
6663;0.584223764880244;1
7373;0.5159066394303106;0
13469;0.5510074167577635;1
27;0.5207647054956583;0
1727;0.5894154128208158;1
3750;0.5165653464994919;0
1725;0.5266295396059961;0
11440;0.5786386460465542;1
12933;0.5091043366229796;1
12774;0.5163089451561622;0
2649;0.5914636063177771;1
275;0.515909003466697;0
11002;0.5591174146866196;1
7726;0.6058458997705805;0
14217;0.5160535274733387;0
16466;0.5158898728334211;0
9882;0.5159234119513962;0
12949;0.522496472155323;0
6563;0.5224891143211705;0
3324;0.5903772366402298;0
6231;0.5822509697202467;0
11488;0.5159010094717024;0
3343;0.5158934332839485;0
4887;0.5158901170006942;0
9119;0.5211229345092374;0
7328;0.5225038466247341;0
925;0.5242279746373891;0
8880;0.5159911527625991;0
14262;0.5158803240829815;0
7051;0.5829034615488975;0
15602;0.5205024759982165;0
11882;0.5158943670188526;0
10019;0.5927701583545406;0
16159;0.522763712215347;1
4316;0.5137566301493562;0
10817;0.5158839392170016;0
2157;0.595207505385701;0
11793;0.5822251925393823;1
9735;0.5209678781898246;0
10869;0.5169312156430712;0
3075;0.5794194879410631;1
3274;0.515890016535143;0
16208;0.5000995283161886;1
16899;0.5268189040348588;0
344;0.5207794784026061;0
1986;0.5831771971635106;1
4314;0.5829052834052482;0
1665;0.5822546126989961;0
9793;0.5161642403330129;0
14483;0.5897385994934163;1
12932;0.5934638422521007;1
6415;0.7088359919239204;0
12978;0.5158938436750188;0
13119;0.5237018864523328;0
1437;0.523597669132488;1
11150;0.5822694436821825;0
14297;0.5920232532451639;0
9340;0.9872822545316785;0
5260;0.5159258872667107;0
11763;0.5225961819965333;0
12963;0.9683690784711132;0
14058;0.5510338760082882;1
5746;0.5282241661105642;0
1172;0.783393411944868;0
3929;0.5158899284956393;0
14001;0.5107384074380663;0
12859;0.5826293430977039;1
13905;0.52250016429634;0
1098;0.5224891072952175;0
6464;0.5159044548016111;0
14692;0.5168266050245642;1
15915;0.517445749420285;1
6934;0.8481924181558491;1
5837;0.5225850873963547;0
4029;0.5225075490531155;0
3933;0.5007975350633418;1
6351;0.5932673001303107;1
6550;0.5198051878779505;0
14786;0.5635786112642369;0
11652;0.520707360616691;0
9319;0.6471218287966213;1
13653;0.5158997750495438;0
7377;0.5165743826894795;0
16080;0.5170690987028961;0
2351;0.5207074050408953;0
4470;0.5793877632274571;1
15440;0.5822428683915375;0
14313;0.5158805643717822;0
8048;0.5159665345463568;0
15991;0.5209272024155029;0
11147;0.5159419546640316;0
10130;0.5207074337509539;0
4347;0.5897378494753591;1
6583;0.5793046433384809;1
15868;0.5177489846824637;0
16248;0.6742542372273937;1
5058;0.5225001648119079;0
14427;0.5822491215359551;0
3548;0.5822463233370616;0
2034;0.5207073976106689;0
1707;0.5148538913462548;0
13721;0.5158694480128585;0
3841;0.5896786133968798;1
7111;0.5160414486928742;0
6698;0.5792739193063144;1
9188;0.515987570514579;0
12639;0.5159249318104397;0
11046;0.5163438852540183;0
721;0.5224895990637688;0
953;0.5207073812689214;0
5092;0.5158822798764906;0
3064;0.5225168014663825;0
10470;0.5159522303213886;0
10219;0.5158857733444301;0
11431;0.5822937803008419;0
10943;0.5933222003529404;1
16871;0.5349816725869779;0
12552;0.5823430097785018;0
4101;0.5822687780300108;0
12134;0.643085330524739;1
1817;0.5158864276945139;0
13342;0.5225001547566102;0
12161;0.5159371751770938;0
5754;0.5159095380181682;0
4903;0.5225149312735746;0
9126;0.5158865651607285;0
8752;0.5158903357346853;0
15735;0.5207794789711565;0
823;0.5242321985044789;0
16155;0.5822544808705723;0
4820;0.6770045950165897;1
878;0.7392054226572621;1
7506;0.5823384860353029;0
566;0.5229373224269681;0
14605;0.5224967781557026;0
15503;0.5163749590636633;0
779;0.5896582250461369;1
1871;0.5224890835636403;0
14160;0.5279742206426279;0
8344;0.5225072869800161;0
7754;0.5174617734467095;1
15370;0.5814672669909429;0
10210;0.5163449663998595;0
695;0.5147577148324368;0
10181;0.5790709059988464;1
11115;0.5158883572027;0
14812;0.5159343541064598;0
8681;0.5787303705253288;1
12727;0.5794602454199616;1
1834;0.5160424462622164;0
4083;0.5808949392348014;1
11335;0.7772972037313515;0
950;0.6677250059961033;1
16604;0.5896702846081965;1
12025;0.6585872000764184;1
306;0.5158984735304165;0
3870;0.5823028806940327;0
15608;0.8363077408917992;0
6834;0.5159066220024087;0
941;0.5968978684668833;0
11000;0.5159397886051977;0
10191;0.5159177771097175;0
7494;0.5509920608977348;1
10087;0.5931938971576043;1
11685;0.520768398198;0
8496;0.614463122231931;0
3803;0.5827642971808309;1
7860;0.5143587792486916;0
10894;0.5159248402544905;0
186;0.579346123573473;1
13891;0.5158161336074494;0
14643;0.8646695149775673;0
10996;0.5932542606484924;1
4754;0.5897314652552317;1
15293;0.5250343923477843;0
9175;0.5221201309106569;0
6833;0.5160349740245542;0
16798;0.5793949400654316;1
2256;0.5798948169956244;1
5840;0.5830728256496611;1
13571;0.5159618994803084;0
13878;0.5447913767149017;0
15231;0.5207073871658494;0
13506;0.5163701329199013;0
3854;0.5255997672164171;1
6602;0.5897342074487619;1
12051;0.5225043314608736;0
15538;0.5158876679098967;0
14811;0.5128126450892987;0
13929;0.5207831676738035;0
10279;0.5156991372931528;0
12901;0.5526922532523657;1
9104;0.7193194015510254;1
3627;0.5796032250787808;1
2461;0.5159160819316347;0
11559;0.5158925967886154;0
12002;0.5823465000954924;0
2061;0.5158975230649709;0
15192;0.5158942574484862;0
16485;0.5081264230723116;0
16534;0.5159376973455352;0
8669;0.9947431439610712;0
15545;0.5832981491506171;0
6263;0.5207073860717626;0
4206;0.5207056094937504;0
9107;0.5225297030487166;0
9026;0.579406140566649;1
13030;0.5160896038018408;0
15917;0.5829926217096003;0
10755;0.6547473242000708;1
11234;0.5159745774067582;0
13838;0.5230318060707451;0
3139;0.582679563852603;1
4762;0.5159206777910317;0
12000;0.5826382572237054;0
3085;0.5827899158994405;0
12191;0.5793950429883772;1
6895;0.5832372440370759;0
13832;0.5822566838114127;0
5134;0.5158933342800645;0
7139;0.5159112617719215;0
10441;0.5155141470362024;0
13371;0.5224669554687495;0
3378;0.5927495155405279;1
697;0.5207905588635449;0
3869;0.5793996537704453;1
4296;0.6588297971622521;0
820;0.5793857725588003;1
7926;0.516096279964148;0
11191;0.515927459013456;0
2563;0.5224964726713551;0
11093;0.5159165687425096;0
13550;0.5158946224204568;0
1906;0.6621087280716512;1
5395;0.5163639620099304;0
1078;0.5155157399653747;0
13010;0.5129637553264619;1
7693;0.5225047053827392;0
4938;0.5207979404200536;0
1837;0.5930692252613547;1
5955;0.57941947955735;1
2639;0.5242427064489031;0
15932;0.5226197055292039;0
1841;0.5824559332142324;0
15202;0.5076014099256974;0
13598;0.5158906766644779;0
14777;0.5825419138884186;0
3494;0.5159229676583906;0
16017;0.5794063509254199;1
13974;0.589736669448677;1
2897;0.5158857535561977;0
10804;0.589494718617491;1
795;0.5224936000768741;0
9325;0.5794233233448581;1
13328;0.5934765550166017;1
7466;0.5163366704472138;0
8144;0.5124803260820816;0
3894;0.5687732571256336;0
2771;0.5265254841359573;0
9405;0.5287923314724245;0
11277;0.5207573150582516;0
648;0.5208200985294336;0
187;0.579412560019698;1
3482;0.515890878836764;0
12361;0.5225191136378147;0
6450;0.5164794075380068;0
16438;0.5002776539954596;1
2921;0.9472253976426475;0
7164;0.508619215902381;1
3758;0.5158804472105709;0
1630;0.5824021432590862;0
15747;0.5152942374332434;0
15160;0.5129893071207339;1
13133;0.7269069522446792;0
5722;0.5160295469999754;0
14362;0.5243656704377857;0
4430;0.5167750008262545;0
835;0.5160425008523218;0
14099;0.583134473662932;1
11426;0.5371247948063829;0
5596;0.537276275931342;0
13589;0.5224964906968083;0
3192;0.5874933387290244;1
16500;0.5267469710637434;0
16722;0.7108784889735621;1
11035;0.5159658978923174;0
4170;0.5158947061523529;0
7688;0.5158829289266542;0
1313;0.5794039506589955;1
15581;0.5225774901348303;0
4092;0.5860409096637861;0
14064;0.5932941829824023;1
10856;0.5207073887731958;0
3907;0.5158949138184696;0
11593;0.5078074807623522;0
6372;0.5164025225137077;0
47;0.5158951441284436;0
7396;0.5161095276911547;0
1911;0.5159185640663666;0
2242;0.5790235827159427;1
7616;0.51590743842311;0
1877;0.6321765377243406;1
10523;0.5159685844332069;0
14139;0.5828159131277914;1
2093;0.5159969267251321;0
364;0.5209715181336039;0
6523;0.5159256463950301;0
11465;0.5161733444414555;0
10833;0.5165258258247127;0
137;0.5822323753030514;0
480;0.5159004715838749;0
12823;0.5164089020234485;0
10336;0.515897978626757;0
8473;0.5831599986208683;1
12205;0.5159688605777155;0
13726;0.5158662243034768;0
682;0.5896891105758375;1
6953;0.5793449065828835;1
1204;0.523598050431761;1
12352;0.5516156569024451;0
7912;0.5897357456760896;1
2426;0.5159381319136598;0
16334;0.5161172982339437;0
8485;0.5347186477436342;1
14948;0.5148483506966783;0
4120;0.582087933663988;0
8354;0.527336027599348;0
2289;0.5225038569337412;0
11113;0.5158978420576555;0
7352;0.5510324531404972;1
1160;0.5830499029344013;0
16887;0.5977672833017662;0
994;0.55157668529652;0
5833;0.5224368534015631;0
1173;0.5207073868035058;0
11044;0.5159379412664957;0
3614;0.5207073984172744;0
2073;0.5117902352021162;0
10836;0.5160270887579381;0
6226;0.5309139181000954;0
1984;0.5794084712075331;1
10479;0.5162374313188552;0
9839;0.5159378614416923;0
4468;0.5794124043010862;1
15030;0.515928284775524;0
11201;0.5158942383250127;0
11867;0.58329669829583;1
395;0.5158894354429013;0
637;0.5112053440810367;0
8104;0.5158872035869662;0
10652;0.5160612448676712;0
9702;0.5164213856227751;0
15674;0.5832026392829021;0
9625;0.5159721190168739;0
3392;0.5822561260887638;0
11148;0.5225191205153398;0
4122;0.5159089980052609;0
10;0.5158995399503765;0
6548;0.5159443900410966;0
14060;0.5174584171008441;1
4379;0.5129386545467346;0
15846;0.5789066953158103;1
8599;0.589259177839588;1
6542;0.9999657082237671;0
7350;0.593510078575547;1
6790;0.5159254850295178;0
9043;0.7121944599424488;1
1248;0.5158917028483236;0
6478;0.582247402957464;0
1317;0.5160241677406123;0
5412;0.5161894492645067;0
5839;0.5506387596347906;1
4505;0.5794123266188389;1
3305;0.5225561042850793;0
14827;0.5159379281725157;0
6445;0.5162828518668865;0
1971;0.5168820874216291;1
6823;0.5794180864856583;1
13859;0.5160334370944741;0
16931;0.6097224566761696;0
11825;0.5794176308253135;1
4890;0.6136804469278301;1
13281;0.5825305365513704;0
13183;0.5130104833052503;0
12578;0.515886730712563;0
5576;0.5159539102163408;0
13335;0.5897322155628777;1
14762;0.5159541952915464;0
12650;0.5792518646387086;1
12668;0.5793792511485513;1
16571;0.5794027976588236;1
17101;0.5837702693291853;1
2437;0.5822317675550028;0
10913;0.5831482871958238;1
5869;0.5161443309783346;0
14654;0.5207073753490379;0
8526;0.522610931994604;0
1769;0.520707408822551;0
3338;0.5207868608792472;0
11162;0.5826610025895247;0
4307;0.5935470404831454;1
7199;0.5159036089595286;0
3336;0.5159315267375832;0
336;0.5225518455297165;0
11378;0.515902779551272;0
10570;0.5136636781379209;0
3145;0.5896955691017018;1
8815;0.8436880160032387;0
3246;0.5159109517788117;0
15282;0.502354077461351;1
13136;0.515924729574329;0
16137;0.5159397402310645;0
15095;0.5165552321399794;0
12571;0.5160401846063677;0
5757;0.5284847845513228;0
13900;0.5823176271554708;0
6303;0.5158884754652707;0
1561;0.522515419260534;0
789;0.754746988226483;0
7992;0.5147842502238235;0
2363;0.6823683380959646;1
8319;0.5158850850668719;0
10557;0.5159526459669131;0
7554;0.5224964558932786;0
7744;0.5160685576154131;0
1018;0.522507544069043;0
1255;0.5229126423715268;1
14832;0.5090690469583004;1
7672;0.5159073375936905;0
10051;0.5153437698121773;0
8424;0.5158322895884508;0
4187;0.6111981503800006;0
6314;0.5207073716243007;0
11215;0.5897125314902232;1
715;0.6201317495228158;0
1820;0.5822545419252088;0
10006;0.5203141088579226;0
16951;0.5794136225428954;1
5600;0.7434189426038421;1
15318;0.5207073767180974;0
9536;0.5158875774032179;0
225;0.5830124402616532;1
12510;0.5225296997299627;0
3445;0.5822453602554374;0
14912;0.5138661366819663;0
13920;0.5090531462685933;1
2508;0.5164128005381878;0
14907;0.5159405990986072;0
4025;0.5159512903702467;0
5579;0.5162338816435988;0
15398;0.5158856537537131;0
7522;0.5158712102394353;0
3819;0.5225635298736262;0
3691;0.5225269879020205;0
9666;0.5818481433867435;0
1762;0.9930055962671706;0
15609;0.585400908271024;1
6113;0.5165189331792954;0
1415;0.5160316436043684;0
15262;0.5129710491799816;1
9708;0.5159119362144506;0
16959;0.5158928594694622;0
11960;0.58332157656405;1
6864;0.5159114022598125;0
3753;0.5933282470643669;1
16801;0.5895356800723217;1
4302;0.5242110972595847;0
15490;0.5162020943899848;0
12703;0.5900756962722555;0
11628;0.58971846409606;1
7594;0.5225038564014493;0
7553;0.5225231428599126;0
5545;0.5160215626558428;0
3187;0.5826845622534829;0
13879;0.583198366013631;1
5018;0.7951626739003059;0
11245;0.5934934834987935;1
13647;0.6274360972103881;0
11771;0.5788453098545974;1
4228;0.5158978805293093;0
274;0.5197822650930211;0
6530;0.5225523247899604;0
15387;0.5159283415056244;0
16695;0.516341283398345;0
12424;0.5794020223552692;1
3634;0.5140925019372993;0
13908;0.5224595464415112;0
11363;0.5165425956158713;1
8922;0.5159529962014419;0
1257;0.5158887532794549;0
664;0.5165486751255094;0
15942;0.5826207720830493;1
15139;0.5207905583275756;0
3919;0.5206438968128146;0
5908;0.5309471172645542;0
423;0.5823646581758968;0
4081;0.5155201152464985;0
14165;0.522537098222294;0
2081;0.5163625822292506;0
2600;0.587984925480516;1
6853;0.5207536216936309;0
4607;0.5791346667447477;1
10396;0.5837701472570083;1
13159;0.5208201036241074;0
13203;0.579395696569896;1
13765;0.5207073855585029;0
4169;0.5794247027380287;1
9924;0.5207647114232905;0
4946;0.5075981858457055;0
12404;0.7748860480566746;0
5828;0.5206206635505042;0
1854;0.5129691571281088;1
16448;0.5158541382589783;0
8654;0.5207073783254439;0
3621;0.5159001837895734;0
16624;0.5227512745394156;0
3289;0.5157815295995691;0
4;0.5158993531663607;0
8610;0.516154605962672;0
12509;0.5287447975346979;0
7405;0.5826356179748093;0
7931;0.5225080186566176;0
13370;0.911344060209621;0
12538;0.5158764842152008;0
4721;0.7550109889575424;1
6672;0.5159347047761531;0
8715;0.5208053268452209;0
3646;0.5160758710075198;0
9542;0.9596499655542743;0
3265;0.5822549543979401;0
12464;0.5226190638464439;0
14140;0.5210417540846546;0
2904;0.5889009058745638;1
5973;0.5892428276093978;1
13808;0.5161289983703643;0
9129;0.5223635627913845;0
16545;0.5207073814095085;0
7715;0.6129002443503337;0
2507;0.5353190385505675;0
2352;0.5161146848881264;0
797;0.5158916909006328;0
10860;0.5243226669162915;0
6620;0.5225223147580743;0
11939;0.5158891328803801;0
16397;0.5197692354596756;0
12279;0.515888383803009;0
1894;0.5264847810198052;0
609;0.5129625443528841;1
9840;0.5934352055542995;1
13286;0.5167279694476086;0
1073;0.516671770857579;0
9108;0.5159256190489203;0
11278;0.5831981636918758;1
12582;0.5167833303505911;0
12924;0.5786127768593544;1
10632;0.5207831724450948;0
5376;0.515993090243981;0
3258;0.5165512258439222;0
16449;0.5934301306142269;1
17099;0.5230485989651642;0
4666;0.5764880250060213;0
3166;0.5151913178670149;0
873;0.5158979214165763;0
1731;0.5791937900175306;0
8958;0.52095443013826;0
11546;0.5159018350422961;0
14487;0.5935363690715173;1
14421;0.5232442936421466;0
16341;0.5225075490531155;0
15937;0.5792912145380577;1
9371;0.5822468958549245;0
12865;0.5157899595815703;0
5892;0.5007814108507127;1
5052;0.5161831669411554;0
6789;0.5934606998601513;1
11004;0.5822499619264254;0
15573;0.5159179627230055;0
2920;0.5207073906321333;0
7790;0.5221337400785147;0
10437;0.5161922848564755;0
3935;0.5159845485522692;0
3730;0.5207073293013773;0
14065;0.5242954782573864;0
11486;0.5159996246552105;0
3783;0.5823146436727953;0
2438;0.5158946247032169;0
12478;0.5741124276948479;0
14600;0.5228589335329015;0
790;0.5161446562631644;0
4417;0.6581022621492283;0
11986;0.5925761631186524;0
13668;0.5934887044890265;1
15388;0.5154511053013928;0
16669;0.6301227074525808;0
6826;0.5822566898666459;0
5050;0.5895109301493563;1
2483;0.5159453234705649;0
8756;0.51506220118625;0
9503;0.5225592395307916;0
14760;0.5228546087155481;0
7833;0.5225150869234414;0
9886;0.579075241711;1
5104;0.5169719130770342;0
7149;0.5158899108020332;0
7474;0.51654815950438;0
485;0.5509796253440715;1
34;0.5164279404846761;0
7468;0.5474787827040886;0
8359;0.5141697328175245;0
16587;0.5159613458596897;0
2584;0.5225961666664731;0
3889;0.5793856607962375;1
9423;0.5816268788064586;1
4324;0.5159083276258112;0
510;0.5225080261780009;0
7593;0.5159587233028067;0
16162;0.5159326658994068;0
15965;0.5281620560527618;0
2922;0.6159394638915147;1
3474;0.5158873280733701;0
14237;0.5413298682241405;0
7890;0.5160718498136261;0
7871;0.5163554644598363;0
2554;0.5158853625736488;0
3;0.5794142111001761;1
17069;0.520707389576869;0
13888;0.5207073815351502;0
853;0.5207683947642527;0
3571;0.600953462852533;1
4394;0.5158289716186528;0
15424;0.5510062772386205;1
12323;0.5510338760082882;1
1311;0.5897311804065909;1
228;0.5934882612310982;1
2188;0.5162199237826999;0
4150;0.5207073228719914;0
8498;0.515919160223168;0
15386;0.5229875541998952;0
3844;0.5205320232466111;0
4647;0.5225080266678302;0
6310;0.5159217277923631;0
14259;0.5787049461091222;1
7262;0.5159023883546132;0
4840;0.5158984163091038;0
7658;0.5158872234005214;0
3932;0.5076009453517172;0
14426;0.589725608786064;1
8172;0.5007460849411692;1
14074;0.5224965022148573;0
10801;0.5793943382940907;1
4662;0.5243499611963001;0
11136;0.5793767987512131;1
13262;0.5159166511053666;0
3304;0.5216140888955577;0
7928;0.5162960119098635;0
13706;0.5225370820516733;0
14556;0.6566990141287758;0
6760;0.5159513451481327;0
4077;0.5164456773693268;0
2870;0.5207073521643693;0
6068;0.5057891905357874;0
1166;0.5159382837071074;0
688;0.5825379333686942;0
3544;0.5827680688838863;0
2023;0.5242458196593336;0
14300;0.515885620378387;0
8338;0.5160571143198003;0
5008;0.5896083748101545;1
7411;0.5831834125260544;1
8602;0.5220053931497133;0
9518;0.5137070293144911;0
1778;0.5225297022502822;0
7265;0.5162566224886578;0
3220;0.5787434546788292;1
6487;0.522636774625221;0
13028;0.579195211612571;1
1188;0.5822493774151289;0
11978;0.5789714040801195;1
13887;0.520707393043153;0
8040;0.5264949643146173;0
15612;0.5227586126931041;0
17080;0.5164842195604328;0
7936;0.5226810797032668;0
12392;0.5158894468985886;0
2558;0.5790238878379402;1
4686;0.5896821161093924;1
15746;0.5787700377113196;1
2198;0.5159154152260691;0
9596;0.5167435086898337;0
16178;0.5225075488870914;0
1974;0.5199560697629804;0
16766;0.5746246788628063;1
7083;0.5243366971013055;0
14967;0.5348574896057481;0
12448;0.5224337126324495;0
142;0.5225149351477991;0
12185;0.5117965186852874;1
6376;0.5158815365846621;0
8666;0.5197876183147293;0
11579;0.5225444727732546;0
437;0.7223594385840633;0
212;0.5130633170352361;0
9446;0.5908549319960245;0
14089;0.5158981933978597;0
16783;0.5162794157789301;0
3962;0.5207073627531075;0
2770;0.5159252991046368;0
1212;0.6753731791298125;0
8803;0.5674629491087886;1
11998;0.5158898673077964;0
14579;0.5933608099802534;1
7893;0.5207073887731958;0
1662;0.5934931722319714;1
2641;0.5235861225741282;1
1713;0.5078937752849946;0
8898;0.5159241281460918;0
12777;0.5158842728145561;0
2701;0.5897157444981438;1
1365;0.6200191707084963;0
12486;0.5897115871243122;1
14575;0.5934715603628515;1
5462;0.5935288258936994;1
11228;0.9956804280614608;0
6522;0.5889913067503917;1
677;0.5426901666607432;1
1875;0.593496903249921;1
270;0.5704793236618692;1
16946;0.5207073490906629;0
12366;0.5794387718855032;1
12055;0.5831159870880152;1
17031;0.6161587747091007;1
8647;0.5749592811628704;1
17033;0.7609405947287249;0
8288;0.5792604436949225;1
10268;0.5158825256413326;0
1379;0.516159123535286;0
16360;0.5793973356433082;1
10188;0.5224817098009648;0
13178;0.58252911633566;0
9889;0.5225370872505508;0
13102;0.5165541342485942;0
2032;0.5159653155124265;0
5817;0.5207979451880049;0
13572;0.5160022860757763;0
15327;0.6137404430626918;0
291;0.5225531636174594;0
9887;0.5161081172713613;0
4000;0.5811351895979651;0
1852;0.5164334221112415;0
15439;0.515857769391011;0
5767;0.5114080488122452;0
8802;0.5159019195711495;0
1492;0.515928649741008;0
13298;0.5831480022232906;1
5197;0.5122943436077991;1
12419;0.5159823050013848;0
4611;0.5159119249166693;0
9500;0.5822897112590588;0
1563;0.7242567255315049;0
331;0.9989961215247285;0
14253;0.5025963591998659;0
14852;0.5824512524085008;0
16255;0.5794125490398022;1
9164;0.5225813884512076;0
15823;0.5162412160479559;0
2495;0.5078554536123988;0
14378;0.5159725070728814;0
13257;0.59774828766921;1
3629;0.5889484182210354;1
2326;0.5831951288865951;1
3521;0.5207073895718823;0
10259;0.5831682068139876;0
1628;0.5212227191867738;0
16022;0.593509017983631;1
8309;0.5222820378499269;0
8698;0.5077294117268534;0
1810;0.5158817698032694;0
3194;0.5156186173739805;0
6650;0.5793128126279293;1
15238;0.5168480308287555;1
12488;0.5236329416235974;0
16782;0.5161240383180954;0
10493;0.5828728710645842;0
15548;0.515917521966315;0
10060;0.5825419975689634;0
683;0.5166495605165687;0
757;0.5167264120237401;0
2231;0.5793411998066148;1
4363;0.5160676041072665;0
8956;0.5912250735053268;1
15478;0.7609604594718477;0
8915;0.5165944429970275;0
1048;0.7330216581201208;1
11414;0.5228521562532722;0
5220;0.5281979613766284;0
1339;0.5794105290837217;1
15529;0.5159637952145297;0
14463;0.5158936792222035;0
12231;0.5199699193249023;0
6406;0.522514930035131;0
11196;0.5812783342798082;1
8442;0.5932956601685949;1
4635;0.5229736479011051;0
16263;0.5225260106354994;0
14704;0.5225531391177294;0
16406;0.5160178374307312;0
11555;0.5151184977711798;0
16336;0.5159172532623821;0
14056;0.6028108246372639;0
7785;0.5946168980156948;1
4940;0.5207073932931163;0
13585;0.5223118582127022;0
11264;0.5226242262643761;0
161;0.516096279964148;0
13991;0.5897115691946478;1
440;0.5161186621378353;0
15682;0.5076881818238684;0
10762;0.7229373245877155;0
12312;0.5225038564014493;0
11358;0.5893064374005721;0
3802;0.5207073689329564;0
6719;0.5787573324305025;1
16290;0.5227289959004703;0
9811;0.5793498928202907;1
3150;0.5535326834516375;1
3653;0.5832115194227123;1
11159;0.5823905860410109;0
259;0.5224928147403305;0
15024;0.5158906858901828;0
10615;0.5225112785877429;0
9694;0.5822642922975473;0
6786;0.5207073825625768;0
16264;0.61613497883647;1
14401;0.9186945443317306;0
1384;0.6198093170054615;0
13545;0.6208182166003058;0
9868;0.5822610281981675;0
13869;0.6074780127991918;1
15217;0.5158966961131353;0
1228;0.5814019531353181;0
16816;0.5225038556030112;0
3547;0.5823168486613559;1
6211;0.5207074026593941;0
2848;0.5371496633239429;0
4142;0.5901739586107213;1
14229;0.515909929377679;0
16802;0.5159073988289672;0
11127;0.5431995594663486;0
8693;0.5227928433536484;0
3248;0.7716848616500134;0
10519;0.5159132726181828;0
1930;0.5251768158596316;0
7820;0.6174395059946838;0
9039;0.520720382557494;0
16231;0.5159192917110396;0
16102;0.5159075238548387;0
2583;0.5793955002514753;1
12586;0.5209655471761936;0
14341;0.5229395122397796;0
5023;0.5158927100676696;0
9880;0.5207073852726496;0
14104;0.5163962166308167;0
12174;0.511816316671269;0
12209;0.5224964578413858;0
9725;0.5161063257587406;0
6867;0.515890549980397;0
11018;0.5207073531403585;0
15494;0.5159019795281385;0
12875;0.5129818884567228;1
5456;0.5159072893149224;0
9816;0.5792089646862688;1
3209;0.5224964584503594;0
9247;0.5205111701584807;0
2957;0.5159210463625623;0
7876;0.5822536994345707;0
14335;0.5822253382368585;0
11412;0.5231241026876485;0
10616;0.582431819204953;0
1946;0.6228745544220566;0
9885;0.5159252440635842;0
2716;0.5825018883156861;0
9205;0.7021573067047853;0
12950;0.5165141841246702;0
3836;0.5158942994649781;0
16936;0.5207073860316889;0
5923;0.5159133580473536;0
16146;0.524573501908192;0
7435;0.5158979548107994;0
13140;0.5161553473052846;0
13812;0.5226146352991887;0
12309;0.5158953062063494;0
14813;0.6200152098606975;0
6481;0.5860480494538265;0
13826;0.5159861332082192;0
7585;0.5831772988440894;1
778;0.5158959267004788;0
3406;0.5308328151990027;0
5695;0.63584532363494;0
12363;0.6317882647277325;1
16849;0.5162353540751939;0
16942;0.5538421391348103;0
9515;0.5822649917710214;0
7203;0.6161446970453526;1
13962;0.5158975237618666;0
10135;0.5408331937270652;0
15304;0.5207074235674951;0
4643;0.5900502361053716;1
4371;0.5158850495005982;0
9674;0.5160976256658244;0
1550;0.5822629191405847;0
7385;0.5934945268246687;1
16788;0.5236525597871995;0
3649;0.5897389012784483;1
2656;0.5895889733104976;1
4916;0.5159374897671374;0
10513;0.6582125341529135;1
13204;0.5831872820562002;1
9143;0.5158863766521035;0
6531;0.5370766700668583;0
10203;0.5275660407456253;0
15338;0.5508828747571247;1
2053;0.5225223193530644;0
9609;0.5159377087436675;0
5387;0.5225038608990067;0
4015;0.5373851267586781;0
3805;0.5243620882904112;0
7692;0.5510099069613451;1
7163;0.5894781609334552;1
10136;0.5167134217597256;0
7788;0.5159827506742221;0
14647;0.5225001648119079;0
16262;0.5074633189706403;0
6492;0.5165181768831515;0
14478;0.7152096581754737;0
10273;0.5225376679845066;0
74;0.6300772035491617;0
4766;0.5159982733985062;0
3928;0.5510270098872194;1
15659;0.5564901590309833;1
7944;0.5165106347547177;0
15812;0.5791157088310528;1
387;0.5822799178691369;0
2654;0.5789676513852503;1
8855;0.5156468062248796;0
11031;0.560290589521146;1
15213;0.515896483420403;0
14682;0.5827961352546779;0
6990;0.5242717032804574;0
5947;0.5159629496372594;0
5503;0.5794114713810613;1
16368;0.5790133364132873;1
7621;0.5159645935563617;0
4540;0.523704628666195;0
16745;0.5712683128920939;1
12259;0.5228188931115496;0
11244;0.5268140259605005;0
7044;0.5154782174000134;0
567;0.5235962306207138;1
8372;0.5224964723132759;0
8198;0.5159384148441563;0
3199;0.5159088728733197;0
7475;0.5208570316758179;0
5469;0.51589011244848;0
8218;0.5897044657603745;1
12287;0.5160391436571665;0
14081;0.5159275711061555;0
9019;0.5794075082590773;1
3296;0.5822782895409443;0
4001;0.515908700123251;0
2160;0.8571056444656018;0
16082;0.5161817572155585;0
4251;0.5232164656612726;0
10149;0.5225149470662954;0
2960;0.5159436141314164;0
13094;0.5159214636240446;0
3953;0.5225740359880747;0
9776;0.5793751025521637;1
7511;0.7677380257785009;0
7256;0.5224927671057786;0
12579;0.5934859987396038;1
7596;0.5206871422981942;0
7757;0.5159831087693576;0
4038;0.5897792319520062;1
15792;0.5164738527668971;0
5110;0.5131129921611979;0
8412;0.5822407189556478;0
13798;0.5793074441773237;1
197;0.5157722598042386;0
15954;0.5240714184040309;0
12914;0.5165277887318194;0
1427;0.5327854805587648;0
15614;0.5158963745120675;0
9184;0.5159499448142005;0
4461;0.5158923241549465;0
712;0.5208459517593322;0
14845;0.5034351980656897;0
5313;0.586366637318295;0
9211;0.5159422474165754;0
10624;0.5158923418465882;0
11590;0.54481113543194;0
12475;0.5224964718638285;0
17039;0.6389755776041482;0
1203;0.5159930014563037;0
516;0.5166215474743792;0
373;0.5823401349505383;0
9234;0.5207073710923849;0
4932;0.5714673367505351;1
10998;0.5826740434637401;0
9978;0.5158913617979636;0
3592;0.5158785875038647;0
11286;0.5794229901783088;1
3103;0.5160170030364283;0
4651;0.5158822977860202;0
5581;0.589663670352462;1
5457;0.5225444719748222;0
2759;0.5324029720916427;0
8411;0.5207073957154149;0
8979;0.5158928047238995;0
3982;0.5509513355801718;1
8624;0.5235891239858212;1
6754;0.5225371066659781;0
9707;0.5275476181086131;0
15456;0.5156923218380273;0
16299;0.6276470226703719;0
761;0.5129807138232984;1
13023;0.5138973791216088;0
7101;0.5794136390985518;1
10796;0.5158918040877649;0
9046;0.5163511210690688;0
3660;0.5476397210662622;0
5884;0.5154638333130604;0
16940;0.5207073852823006;0
4516;0.5158948394281258;0
9418;0.5208348953297643;0
13650;0.51589493300226;0
15879;0.5154421594328804;0
13143;0.6506545528030107;1
5289;0.5897192775027029;1
14211;0.5225370808556304;0
13238;0.5225149347406826;0
16318;0.5824052060497581;0
7683;0.5674750523938473;1
7996;0.51587847298759;0
7237;0.5612226831046825;1
2918;0.5897421424648962;1
1164;0.6767054249795141;1
3667;0.5159447495627894;0
1619;0.5816824223741693;0
1536;0.5159168018591821;0
8972;0.5224903679213801;0
3624;0.5822368791239221;0
15436;0.5235406057868748;1
7106;0.5223930989106218;0
5358;0.5160086058703153;0
4561;0.5289855210112906;0
16686;0.5831925718586667;1
16100;0.5215938338123769;0
5370;0.5159366839874797;0
16678;0.5822576765979862;0
11334;0.5159211612999963;0
6617;0.5821916529656435;0
1042;0.5224927865619624;0
1222;0.9958602150686999;0
1998;0.5226109274917323;0
6539;0.520794258552474;0
11080;0.5919979605070651;1
16998;0.5794121996447059;1
5675;0.674852298516637;0
16927;0.5168448285955554;1
14364;0.5159256640113583;0
7227;0.5822748608822825;0
781;0.5817870847264989;0
8694;0.5165731388794721;0
16775;0.523690646581569;1
420;0.57934928248939;1
14347;0.5828423523541836;1
14006;0.5320794342258717;0
6282;0.5914608239360232;1
9296;0.5074567347242858;0
7646;0.5271708966941802;0
13849;0.5822895644802325;0
5171;0.5158842298751711;0
11017;0.5225375462858417;0
8285;0.5083306092439819;0
6099;0.5794065374849636;1
13498;0.5344694111954515;0
14215;0.5158958540712824;0
8835;0.5897596575349474;1
11637;0.5207757859459672;0
14453;0.5159112468217204;0
12319;0.5794029990019894;1
14178;0.5159679676016771;0
10631;0.515900612372426;0
16340;0.5159002921100133;0
9429;0.5827829646960676;0
10094;0.5360516277567338;0
8872;0.8585450211702752;0
15416;0.7121433841877716;0
3195;0.582392293221333;1
15044;0.5977030413406403;1
11768;0.5934927930065858;1
13169;0.5831748777046478;1
14474;0.5242239922319767;0
15637;0.5159370046349199;0
2088;0.5159274282335535;0
3680;0.5822874712464294;0
16057;0.5825540216784089;0
13346;0.5935259940644056;1
12680;0.5158901111568504;0
2615;0.5207905594105282;0
2744;0.522828764815225;0
16952;0.515225339128579;0
3974;0.6656900909371366;1
4166;0.5159199146332408;0
5074;0.579381792389799;1
12540;0.5165033456843049;0
11361;0.5128585810674736;1
1827;0.5188894588097221;0
4949;0.5794098006536245;1
16369;0.5158871588477203;0
14350;0.5161378326315247;0
8346;0.5158845956760956;0
4597;0.579309765801926;1
14630;0.7010111599816407;0
11495;0.520707373254258;0
16247;0.5890786098060404;1
12162;0.5223271626647051;0
15150;0.5159348525113359;0
2738;0.5160418985023971;0
341;0.5160575972676247;0
12243;0.6428219183143811;0
14763;0.52251543975383;0
1606;0.5226884706680823;0
3078;0.6014488715304883;0
10175;0.5832061951763519;1
3823;0.5161792377178145;0
2097;0.5159423156283272;0
15464;0.5158904370011721;0
16209;0.8564999154926366;1
10080;0.5822538016785639;0
5835;0.5897263149610804;1
12317;0.5164253461091156;0
8967;0.5225055899041358;0
8524;0.5158807417042247;0
8479;0.5224964656530122;0
9138;0.5006658993558613;1
620;0.5208939822869043;0
630;0.5007311425910973;1
6260;0.507564404007754;0
11447;0.5159104904149953;0
5237;0.5896959510592559;1
10332;0.5163738953826731;0
14936;0.5588598145623737;0
9422;0.5131457890341302;0
145;0.5159010343264824;0
3155;0.5081258232431471;1
12807;0.5793678100672259;1
2424;0.5822408743861203;0
5501;0.5250396734779186;0
8856;0.5158872701853827;0
15921;0.5165759016900754;0
6050;0.5207683950025372;0
10858;0.5936096051437106;1
3719;0.6157606998257775;1
5694;0.7107671760690296;1
5340;0.8495865387546864;1
12116;0.585823541699207;0
8503;0.5225038571440206;0
15562;0.7357420193892031;1
13185;0.5224964654079811;0
7467;0.5177432151179813;0
5991;0.5504982363971982;1
9891;0.524404678472091;0
9020;0.5506137379689217;1
8393;0.5822813596636653;0
15292;0.523113087488968;0
13566;0.5822571042661224;0
9417;0.5160874990807549;0
11831;0.5242136095130657;0
7218;0.5225001640134692;0
5689;0.6661573582631227;1
5136;0.5207831676738035;0
10402;0.5822389764164897;0
8340;0.5829101069038068;0
5914;0.5159786955793286;0
5782;0.5207074742404907;0
644;0.5207074008090962;0
1639;0.5225260303595725;0
2003;0.5158826367445339;0
13661;0.5831431524261006;1
10254;0.5600134739031645;1
1801;0.5822359066257199;0
11564;0.5831851363443519;1
14531;0.579526938456546;1
11043;0.5159333696477566;0
3319;0.5207647066047708;0
5928;0.50755457504375;0
79;0.5926581625586068;0
3533;0.5897026379179223;1
14677;0.5158897383086516;0
8955;0.9219421680155399;0
3257;0.515892969135455;0
2205;0.530881218905063;0
5477;0.5158924470652826;0
5554;0.582258226687821;0
15564;0.714841214134809;0
962;0.5230292269943191;0
9863;0.5806488448649707;0
2531;0.5159124952844274;0
2843;0.5825694633825519;0
3023;0.5162119775889855;0
13149;0.5686053940764302;0
983;0.5160076913759173;0
5123;0.5078714859786676;0
10234;0.5822395916435328;0
12974;0.5286738085987079;0
12076;0.5793876669572933;1
14790;0.6087057252908872;0
3541;0.515893320376732;0
1709;0.515890025278706;0
1866;0.5225001575177493;0
15108;0.5248375703700101;0
17003;0.6395154569684213;1
11966;0.9211852512177947;0
2082;0.5207905584070281;0
5880;0.5159142711117157;0
8209;0.5159165501838051;0
8719;0.5224964718891766;0
15161;0.5158959610570106;0
2166;0.5158712222035848;0
1711;0.515894519843791;0
12499;0.5225007380311701;0
6791;0.5897569504309558;1
11934;0.651925556391987;0
14439;0.5144771275326273;0
9036;0.5159411476702704;0
235;0.8810240315840909;0
9791;0.6030335123293706;0
4004;0.5242259209277215;0
6195;0.5935153874945586;1
1404;0.5159258589611062;0
7382;0.5160719932202914;0
14727;0.5146362133722941;0
6541;0.5229010385391647;0
11246;0.6330395215276337;1
8280;0.7959823607460074;1
7559;0.507744079495732;0
12553;0.5158847225367809;0
1381;0.5399836726886521;1
5683;0.5159089017260113;0
5844;0.580071331600348;1
12221;0.5159234119513962;0
17008;0.5207118180329531;0
2613;0.5165449070140485;0
15049;0.5226736920556498;0
5932;0.9930125279758211;0
10300;0.5340505653057716;1
3557;0.5159083436035086;0
5343;0.512780669120442;1
4660;0.5410133934365831;0
3301;0.523571044927307;0
13943;0.5226515781534617;0
1513;0.569231765830176;0
3633;0.5163856775741735;0
15567;0.5896868073676363;1
1527;0.5158940492927377;0
425;0.5822528097288543;0
434;0.5235857175369731;1
4612;0.5225075490531155;0
8032;0.5076341337205896;0
11573;0.5896898553814242;1
4211;0.5160102883661545;0
9235;0.9999011738676854;0
6126;0.5826212131635122;0
421;0.5159000397049223;0
435;0.5225186275096771;0
5895;0.5822409777448261;0
12762;0.771290461136778;0
6155;0.5242194684180441;0
9068;0.5225186315480284;0
98;0.5158964316575783;0
4291;0.5225222887794154;0
2591;0.553498195580467;1
5218;0.5164765216184796;0
1548;0.5229411444316346;1
6426;0.5158285168551882;0
11854;0.5207073887682092;0
14440;0.5791918456057756;1
11704;0.5134181557518294;0
5281;0.5159126413148452;0
7866;0.5937232130714859;1
5608;0.5161827757946209;0
5875;0.5159218946893005;0
9767;0.6027885655568197;0
2899;0.5159856435951302;0
2791;0.5897361436415709;1
7179;0.5158998490709278;0
16785;0.5266619892519062;0
11671;0.5465776313292128;0
7486;0.509053870219985;1
12338;0.5974600662387268;0
5769;0.5207073847548298;0
10886;0.5159002862814931;0
1479;0.5128857505281293;1
15750;0.5830308850695705;1
13079;0.5158908542843286;0
9685;0.6981833472318812;0
11324;0.5159115352374457;0
2794;0.5932262773075274;1
13873;0.5159149787002608;0
1097;0.5164601799361825;0
13433;0.5198767851913147;0
10097;0.5892114943847814;1
2258;0.7288996794461615;1
16932;0.5161583643662858;0
7356;0.5145635845519452;0
3000;0.5158922800099903;0
303;0.5160842264823011;0
4493;0.5156189410302563;0
7224;0.5171865487195706;0
7141;0.5224927861959505;0
9402;0.559199061377424;1
7484;0.520820104548186;0
12439;0.5207072882724593;0
927;0.5158819283167417;0
4970;0.5226330805683188;0
9476;0.5145892272949378;0
11438;0.5142840490419575;0
13297;0.516394688585877;0
16054;0.5934801449014425;1
12268;0.5309780227997349;0
1719;0.5825808460446467;0
14115;0.5895786290486034;1
866;0.5896971281451266;1
1685;0.6199183004958131;0
14646;0.5158987515165634;0
6609;0.515889597119941;0
4871;0.5225001640134692;0
11199;0.5159202964801723;0
13007;0.5159931722445583;0
16719;0.5158902006285159;0
12060;0.5159107971795388;0
7619;0.5162105492942721;0
17130;0.5207073038500628;0
7795;0.5159034014625241;0
15900;0.5828838955953182;0
15002;0.5159933168350053;0
7730;0.5224964864921338;0
5838;0.5163993747952258;0
2261;0.5161679992058934;0
9926;0.5224927868850648;0
13044;0.5159548894828045;0
1567;0.5229199953034601;0
10246;0.5225001648119079;0
5002;0.5788180437798071;1
1596;0.5281767720526549;0
16278;0.5209013865368111;0
2722;0.5158135747988543;0
16050;0.5371354386271904;0
15505;0.5163894207447841;0
16008;0.7126763287673755;1
6588;0.5897413949970569;1
10466;0.507590487828206;0
12398;0.5226441923897316;0
8522;0.522518625884872;0
6219;0.6100474718584517;0
851;0.5159028812831301;0
16640;0.5207647063222789;0
1782;0.516214663239295;0
14145;0.5207071726065505;0
2177;0.5824161537210159;0
8042;0.516018479956681;0
10511;0.5080065353168199;0
10881;0.5165735969494915;0
6366;0.5166363081197042;0
10174;0.522496472155323;0
5948;0.5224965027554882;0
13423;0.5224904849985902;0
6236;0.5630650029166641;1
711;0.5159100328076118;0
8923;0.9999849083397355;0
12102;0.5164813169130609;0
4765;0.5224927718233608;0
12613;0.5792154420864722;0
13406;0.5897260320751614;1
2986;0.5935005291092904;1
7463;0.5207073986835034;0
14926;0.5158844660992932;0
10964;0.5831654539686707;1
5716;0.516069035022783;0
13712;0.5158985169048133;0
2632;0.5897044131277318;1
5382;0.5207093024968534;0
2506;0.5160920108947208;0
8493;0.5257346035356313;0
7490;0.5162875934920852;0
4958;0.5165912658616223;0
8482;0.5149216178355933;0
114;0.578990342911708;1
15177;0.5165335867583786;0
53;0.5821916529656435;0
11357;0.9205998341915923;1
1260;0.5793986769302172;1
4986;0.551031746339394;1
14641;0.5897009338604939;1
9964;0.5134553198131075;0
8149;0.5225009683618319;0
15797;0.5159138961735323;0
6300;0.5169993532540593;0
3316;0.5161365223034667;0
11319;0.5158862331648839;0
8520;0.5825341007461671;1
9382;0.5207071302683477;0
6220;0.5158973357362265;0
7030;0.5242468449971275;0
1647;0.5934620317287714;1
12489;0.5225186271515991;0
6982;0.5158991717338242;0
14767;0.5225075419971791;0
14617;0.6107815461038093;0
2560;0.5793940002667328;1
3410;0.5144676334517528;0
10123;0.5229136991506234;0
9035;0.5159109347137125;0
11386;0.5891733008408726;1
12154;0.5158967393433022;0
6874;0.5162153387131625;0
3590;0.5225931595130204;0
9602;0.5207073947495033;0
12526;0.515984488339462;0
13670;0.5113550573165064;0
12687;0.5159346541219216;0
2362;0.5208881769694669;0
129;0.5237053835123904;0
7471;0.5009240292491155;1
9874;0.6600822435737758;1
11061;0.5165081380795167;0
9131;0.5158794171598833;0
9214;0.5180375462883625;0
8954;0.5225186222510798;0
16236;0.5756453920995355;1
6758;0.5236976570649678;0
7499;0.5786421534934317;1
13529;0.8783217359329244;1
2780;0.5271130775699499;0
13222;0.5158080822592929;0
12104;0.5198743765908123;0
9731;0.8407114106619916;0
10267;0.7438254347028694;1
11259;0.5158730904757751;0
8230;0.5159517252082059;0
8307;0.5912136170588433;1
5243;0.5826466586394708;0
5565;0.5235633813801811;1
2244;0.5159046476402596;0
12131;0.5161291770753622;0
10777;0.713936103111292;1
8408;0.5224890953974798;0
13968;0.5006800503758994;1
13683;0.5005215461159205;1
4734;0.7565900009887725;0
1533;0.5207499283267414;0
4462;0.5208127133838343;0
5659;0.595573860863144;1
10562;0.5160433750519247;0
16542;0.5207073506980091;0
9372;0.522497576069648;0
17090;0.5159362135788231;0
6322;0.5822616198109583;0
9223;0.522544471918956;0
1888;0.528127810834502;0
14345;0.5158848144432706;0
7010;0.5829816205808125;1
6977;0.5224964726044752;0
2943;0.5809915322786234;1
14382;0.6466090352910501;1
16129;0.5224964907724535;0
16003;0.5208053269699684;0
6230;0.515892828557204;0
363;0.5827532986914276;0
12903;0.6723013311425639;1
3447;0.5833846009105692;0
7136;0.5235728765835181;1
15482;0.5928104433606537;1
3512;0.5833543552390781;1
11186;0.5174090419383449;1
11473;0.5158924794693295;0
11176;0.6251309683889202;0
2892;0.5390504219903804;0
9002;0.5229063857703926;0
12972;0.5951512515506427;1
5977;0.5159052990910804;0
3915;0.6082250020350034;1
14716;0.5205911170238517;0
1549;0.515870509036441;0
9595;0.5207074162818541;0
7123;0.5253693381801413;0
13664;0.5225740204992726;0
5199;0.5208829164951128;0
11913;0.5158984632803932;0
6595;0.5077627313139372;0
11468;0.5228029138884318;0
3293;0.5860465840511564;0
8109;0.5164056401892728;0
282;0.5159128016083536;0
1159;0.5228546265004648;0
6416;0.5741635056156588;0
10101;0.5159305232054289;0
7232;0.5225189516351414;0
5972;0.5207794744310955;0
7633;0.8481935652762609;1
13316;0.5224928007222364;0
10294;0.5756040688453904;1
16470;0.5165693933765918;0
5047;0.5823978461354518;1
1343;0.5160505083493898;0
10896;0.5158818883002205;0
14010;0.5159201042591917;0
1677;0.5159286847805901;0
3181;0.5161234356317919;0
5667;0.5934747432346483;1
12677;0.7329896151375161;1
4439;0.5897073408058856;1
4335;0.5793465338901824;1
12058;0.5225370901930949;0
15577;0.5158900398580388;0
15360;0.516597421688364;0
3173;0.5242098820779342;0
13610;0.5794040553514372;1
2976;0.5897156066010274;1
624;0.515890005805564;0
12793;0.5129790191902324;1
9124;0.5828303261206191;0
8153;0.5225960732222361;0
4537;0.5897198961244676;1
9663;0.5897354097344482;1
1904;0.5126782429016432;0
9786;0.5154732000388856;0
13866;0.5225407854684456;0
16112;0.582282198473983;0
11627;0.5785991198537239;1
16083;0.5159064458676328;0
3558;0.6237890603847169;0
6702;0.5160449647192986;0
7972;0.5141138515555619;0
4078;0.5142068647532634;0
6963;0.5078899883182473;0
15276;0.5821298652677274;0
1728;0.5158899243222661;0
10483;0.5829050377285387;0
10992;0.5164215841072619;0
13677;0.5149830782788521;0
2269;0.5159065726894225;0
11542;0.5159413378108595;0
12190;0.5160892010998737;0
16511;0.5207073876669774;0
3049;0.5161935438221984;0
13592;0.5307486060736335;1
4851;0.5075671032318455;0
8250;0.9953317429533968;0
325;0.515028759585762;0
1065;0.5934865930319435;1
4742;0.5137272008908804;0
12177;0.5225260138511141;0
14540;0.5225223184629035;0
1082;0.5745878052608533;0
10420;0.8145553929748456;0
11700;0.5925719246271661;1
2014;0.5164221471758547;0
9784;0.5207757806631766;0
12217;0.5159248661994955;0
4278;0.5674385692801522;1
16581;0.5794134659283224;1
57;0.5207074053007524;0
4547;0.5168233791142145;0
15949;0.5207073799327904;0
4177;0.5160880595223598;0
10410;0.5158882852958053;0
2389;0.5549417783876013;1
7495;0.5265535715637024;0
2745;0.5822418519143737;0
10367;0.5164813197394049;0
2837;0.5674659948372486;1
7838;0.5822390385250855;0
6688;0.5224964914739654;0
5062;0.6029028161488664;1
9711;0.5208386141828407;0
6812;0.5158842787661063;0
14116;0.5132022640829985;0
4028;0.5006033280072452;1
6305;0.5225043258887623;0
14662;0.6619592563116741;0
8326;0.5871951505183566;0
6820;0.5165467379865036;0
9920;0.5831672404454905;1
3287;0.6075376017258929;0
9456;0.5822552689380947;0
8312;0.5822874469224337;0
2627;0.516017293525892;0
13666;0.6101675706666987;0
347;0.5154301729281676;0
9470;0.589737673550324;1
9996;0.6137579319157538;0
7600;0.5226257277733405;0
15785;0.7330359183384187;1
3032;0.6100669795694144;0
2974;0.5224928064994101;0
4260;0.5822938723593282;0
16730;0.5824137554340884;0
5623;0.5933871943833293;1
5649;0.5823451827969093;0
3739;0.5158921914661734;0
9686;0.603878903396964;0
16642;0.5897149468863401;1
13336;0.5934630972221182;1
10325;0.5119516401546342;0
8083;0.8788587642156812;0
10413;0.5934291917051505;1
9479;0.522618315717326;0
4706;0.8143903941535154;0
127;0.6029480330703543;0
17106;0.5160431375769267;0
5383;0.5224927805608653;0
847;0.5832039652787593;1
3648;0.5158991465593549;0
3165;0.5409337878103707;1
10052;0.5152574493016722;0
2598;0.583153907514629;1
9954;0.5159052853923396;0
13158;0.65338363041445;0
10629;0.582268585921607;0
15211;0.5931345331394;1
9312;0.5162855771450993;0
2737;0.5514059056356821;0
14849;0.5160381934539161;0
4438;0.5820430306889299;1
13358;0.5158873824870555;0
6097;0.6582030483022036;1
14794;0.5232296368591101;0
8157;0.5822569130415522;0
14774;0.5158887809982119;0
4079;0.5158954770140713;0
13802;0.652782471682906;1
5005;0.515910602343155;0
13913;0.5160213882283915;0
16661;0.5153802569758286;0
4816;0.5828201013144064;0
10357;0.5860329641764483;0
5975;0.5225703282698961;0
7379;0.5934909070925727;1
930;0.5168026670686312;0
13128;0.9433440337071087;0
8554;0.6128467126635538;0
16013;0.5787654834757837;1
9961;0.609484734747069;1
2750;0.5793774304159394;1
6971;0.5163831298906894;0
11183;0.5207073815072081;0
10488;0.5822679485779327;0
6496;0.5083074871664497;0
15522;0.5164532558576029;0
14315;0.6318022964521482;1
14082;0.5828953319300173;1
12537;0.5515320456522994;0
16600;0.5918110589872533;1
4032;0.5594658449328415;1
16122;0.5895528278193055;1
3765;0.5265288409716049;0
441;0.5225038779657842;0
15390;0.5225001576941686;0
13413;0.5161633570819122;0
1291;0.5231906450163064;0
268;0.5829362210878636;1
4275;0.5856932833013705;1
4911;0.5159181235828147;0
980;0.5162607177681315;0
14860;0.5159856946132336;0
10126;0.5172636482536703;0
14398;0.5265258731513665;0
16572;0.5153163800732318;0
10643;0.5897004390274446;1
13244;0.525714563283731;0
9455;0.5583239918406542;0
2250;0.5822928332351123;0
13613;0.5159126772638496;0
2855;0.5829150972390569;0
15242;0.522933310164891;0
10421;0.5071042756100721;0
204;0.5794012166713284;1
15993;0.5158977037663296;0
10612;0.6832337092460385;0
13649;0.5165485464252174;0
3958;0.5158223086071735;0
4640;0.5158858932441834;0
4977;0.522500644001519;0
11395;0.5150147302983914;0
1054;0.6902700993134601;0
13560;0.7804123398594868;1
2331;0.5158984720961894;0
9044;0.5225783398234325;0
576;0.516402780295928;0
3701;0.5159423159498047;0
3508;0.5207073558225936;0
8019;0.5207072987617947;0
6460;0.522762318534097;0
14416;0.5802890827951861;0
4822;0.5207073951729839;0
2040;0.5160215799063763;0
5091;0.5436714570988299;1
6016;0.5822476312072906;0
6608;0.5158911973751648;0
5360;0.5934948934026376;1
14608;0.509124625776075;1
12940;0.5234329588412547;0
529;0.593408143973509;1
13937;0.5935123779712496;1
16010;0.5158876748909662;0
12434;0.5225998598327934;0
14159;0.643269120148873;0
10153;0.8362593701808951;1
15660;0.520786864568425;0
1571;0.522503856892171;0
12254;0.5225776999183249;0
7643;0.5159068246267333;0
10397;0.5207073622140641;0
14726;0.5207831786392371;0
1604;0.5868632532952274;1
15928;0.5208976564281151;0
13816;0.5224927662372492;0
12010;0.5159068162188163;0
9014;0.6302051239244735;0
122;0.5163222651555643;0
14422;0.5224743265620131;0
4997;0.5161631947328073;0
2279;0.7840241949633164;1
13334;0.5235014686031849;1
11487;0.9999865159219615;0
13633;0.5459623191640334;0
16133;0.5061775278166147;0
10049;0.5932036209467029;1
14971;0.9999959836225725;0
8734;0.5224928055348521;0
8683;0.5135508801134705;0
11728;0.522496453844157;0
1583;0.5242348369370248;0
5799;0.5890228937937795;1
15085;0.5160116242930797;0
4014;0.5158975264611035;0
15706;0.8610633385212599;1
7312;0.5203297325449034;0
11219;0.5158637560785867;0
10205;0.5154955244798052;0
16275;0.5159390317953224;0
15214;0.5510148680211183;1
1607;0.5794006341718175;1
5031;0.5159280342254091;0
11553;0.9989305276906245;0
13518;0.590961601501375;1
6448;0.5159014868172692;0
3898;0.520707389535286;0
9493;0.5160106756018504;0
